round=1 team=1 side=challenger
31 i.............i........i.................
30 .................................s.......
29 ...........c.............................
28 .........................................
27 .........................................
26 .........................................
25 .........................................
24 ............................s............
23 .........................................
22 ........WSSW.............................
21 ........PSS..............................
20 .......................c.Q...............
19 .........................................
18 .........................................
17 ................TT........TT.............
16 ....................V....................
15 .........................................
14 ..............T........T.................
13 .........................................
12 .........................................
11 .....................s...................
10 ..............................EE.........
09 ..............................EE.........
08 .........................................
07 .........................................
06 .................................c.......
05 s........................................
04 .........................................
03 .........................................
02 .........................................
01 .................................i.......
00 ........c................................
   0         1         2         3         4
   01234567890123456789012345678901234567890
S/E=our/enemy base #/~=wall W/P=worker/pioneer r/l/g=weapons
1/2/3/B=robots s/i/c=minerals V=vendor Q=shop T=task; enemy fog is preserved
round=2 team=1 side=challenger
31 i.............i........i.................
30 .................................s.......
29 ...........c.............................
28 .........................................
27 .........................................
26 .........................................
25 .........................................
24 ............................s............
23 .........r.r.............................
22 ........WSSW.............................
21 .........SS..............................
20 ........P..............c.Q...............
19 .........................................
18 .........................................
17 ................TT........TT.............
16 ....................V....................
15 .........................................
14 ..............T........T.................
13 .........................................
12 .........................................
11 .....................s...................
10 ..............................EE.........
09 ..............................EE.........
08 .........................................
07 .........................................
06 .................................c.......
05 s........................................
04 .........................................
03 .........................................
02 .........................................
01 .................................i.......
00 ........c................................
   0         1         2         3         4
   01234567890123456789012345678901234567890
S/E=our/enemy base #/~=wall W/P=worker/pioneer r/l/g=weapons
1/2/3/B=robots s/i/c=minerals V=vendor Q=shop T=task; enemy fog is preserved
round=3 team=1 side=challenger
31 i.............i........i.................
30 .................................s.......
29 ...........c.............................
28 .........................................
27 .........................................
26 .........................................
25 .........................................
24 ............................s............
23 .........r.r.............................
22 .........SS..............................
21 ........WSS.W............................
20 .......................c.Q...............
19 .........P...............................
18 .........................................
17 ................TT........TT.............
16 ....................V....................
15 .........................................
14 ..............T........T.................
13 .........................................
12 .........................................
11 .....................s...................
10 ..............................EE.........
09 ..............................EE.........
08 .........................................
07 .........................................
06 .................................c.......
05 s........................................
04 .........................................
03 .........................................
02 .........................................
01 .................................i.......
00 ........c................................
   0         1         2         3         4
   01234567890123456789012345678901234567890
S/E=our/enemy base #/~=wall W/P=worker/pioneer r/l/g=weapons
1/2/3/B=robots s/i/c=minerals V=vendor Q=shop T=task; enemy fog is preserved
round=4 team=1 side=challenger
31 i.............i........i.................
30 .................................s.......
29 ...........c.............................
28 .........................................
27 .........................................
26 .........................................
25 .........................................
24 ............................s............
23 .........r.r.............................
22 .........SSr.............................
21 .........SS.W............................
20 .........W.............c.Q...............
19 .........................................
18 ..........P..............................
17 ................TT........TT.............
16 ....................V....................
15 .........................................
14 ..............T........T.................
13 .........................................
12 .........................................
11 .....................s...................
10 ..............................EE.........
09 ..............................EE.........
08 .........................................
07 .........................................
06 .................................c.......
05 s........................................
04 .........................................
03 .........................................
02 .........................................
01 .................................i.......
00 ........c................................
   0         1         2         3         4
   01234567890123456789012345678901234567890
S/E=our/enemy base #/~=wall W/P=worker/pioneer r/l/g=weapons
1/2/3/B=robots s/i/c=minerals V=vendor Q=shop T=task; enemy fog is preserved
round=5 team=1 side=challenger
31 i.............i........i.................
30 .................................s.......
29 ...........c.............................
28 .........................................
27 .........................................
26 .........................................
25 .........................................
24 ............................s............
23 .........r.r.............................
22 .........SSr.............................
21 .........SS..............................
20 .............W.........c.Q...............
19 ..........W..............................
18 .........................................
17 ...........P....TT........TT.............
16 ....................V....................
15 .........................................
14 ..............T........T.................
13 .........................................
12 .........................................
11 .....................s...................
10 ..............................EE.........
09 ..............................EE.........
08 .........................................
07 .........................................
06 .................................c.......
05 s........................................
04 .........................................
03 .........................................
02 .........................................
01 .................................i.......
00 ........c................................
   0         1         2         3         4
   01234567890123456789012345678901234567890
S/E=our/enemy base #/~=wall W/P=worker/pioneer r/l/g=weapons
1/2/3/B=robots s/i/c=minerals V=vendor Q=shop T=task; enemy fog is preserved
round=6 team=1 side=challenger
31 i.............i........i.................
30 .................................s.......
29 ...........c.............................
28 .........................................
27 .........................................
26 .........................................
25 .........................................
24 ............................s............
23 .........r.r.............................
22 .........SSr.............................
21 .........SS..............................
20 .......................c.Q...............
19 ..............W..........................
18 ...........W.............................
17 ................TT........TT.............
16 ............P.......V....................
15 .........................................
14 ..............T........T.................
13 .........................................
12 .........................................
11 .....................s...................
10 ..............................EE.........
09 ..............................EE.........
08 .........................................
07 .........................................
06 .................................c.......
05 s........................................
04 .........................................
03 .........................................
02 .........................................
01 .................................i.......
00 ........c................................
   0         1         2         3         4
   01234567890123456789012345678901234567890
S/E=our/enemy base #/~=wall W/P=worker/pioneer r/l/g=weapons
1/2/3/B=robots s/i/c=minerals V=vendor Q=shop T=task; enemy fog is preserved
round=7 team=1 side=challenger
31 i.............i........i.................
30 .................................s.......
29 ...........c.............................
28 .........................................
27 .........................................
26 .........................................
25 .........................................
24 ............................s............
23 .........r.r.............................
22 .........SSr.............................
21 .........SS..............................
20 .......................c.Q...............
19 .........................................
18 ...............W.........................
17 ............W...TT........TT.............
16 ....................V....................
15 .............P...........................
14 ..............T........T.................
13 .........................................
12 .........................................
11 .....................s...................
10 ..............................EE.........
09 ..............................EE.........
08 .........................................
07 .........................................
06 .................................c.......
05 s........................................
04 .........................................
03 .........................................
02 .........................................
01 .................................i.......
00 ........c................................
   0         1         2         3         4
   01234567890123456789012345678901234567890
S/E=our/enemy base #/~=wall W/P=worker/pioneer r/l/g=weapons
1/2/3/B=robots s/i/c=minerals V=vendor Q=shop T=task; enemy fog is preserved
round=8 team=1 side=challenger
31 i.............i........i.................
30 .................................s.......
29 ...........c.............................
28 .........................................
27 .........................................
26 .........................................
25 .........................................
24 ............................s............
23 .........r.r.............................
22 .........SSr.............................
21 .........SS..............................
20 .......................c.Q...............
19 .........................................
18 ................W........................
17 ................TT........TT.............
16 .............W......V....................
15 .............P...........................
14 ..............T........T.................
13 .........................................
12 .........................................
11 .....................s...................
10 ..............................EE.........
09 ..............................EE.........
08 .........................................
07 .........................................
06 .................................c.......
05 s........................................
04 .........................................
03 .........................................
02 .........................................
01 .................................i.......
00 ........c................................
   0         1         2         3         4
   01234567890123456789012345678901234567890
S/E=our/enemy base #/~=wall W/P=worker/pioneer r/l/g=weapons
1/2/3/B=robots s/i/c=minerals V=vendor Q=shop T=task; enemy fog is preserved
round=9 team=1 side=challenger
31 i.............i........i.................
30 .................................s.......
29 ...........c.............................
28 .........................................
27 .........................................
26 .........................................
25 .........................................
24 ............................s............
23 .........r.r.............................
22 .........SSr.............................
21 .........SS..............................
20 .......................c.Q...............
19 .........................................
18 .................W.......................
17 ................TT........TT.............
16 ....................V....................
15 .............PW..........................
14 ..............T........T.................
13 .........................................
12 .........................................
11 .....................s...................
10 ..............................EE.........
09 ..............................EE.........
08 .........................................
07 .........................................
06 .................................c.......
05 s........................................
04 .........................................
03 .........................................
02 .........................................
01 .................................i.......
00 ........c................................
   0         1         2         3         4
   01234567890123456789012345678901234567890
S/E=our/enemy base #/~=wall W/P=worker/pioneer r/l/g=weapons
1/2/3/B=robots s/i/c=minerals V=vendor Q=shop T=task; enemy fog is preserved
round=10 team=1 side=challenger
31 i.............i........i.................
30 .................................s.......
29 ...........c.............................
28 .........................................
27 .........................................
26 .........................................
25 .........................................
24 ............................s............
23 .........r.r.............................
22 .........SSr.............................
21 .........SS..............................
20 .......................c.Q...............
19 .........................................
18 .........................................
17 ................TTW.......TT.............
16 ..............P.....V....................
15 .........................................
14 ..............TW.......T.................
13 .........................................
12 .........................................
11 .....................s...................
10 ..............................EE.........
09 ..............................EE.........
08 .........................................
07 .........................................
06 .................................c.......
05 s........................................
04 .........................................
03 .........................................
02 .........................................
01 .................................i.......
00 ........c................................
   0         1         2         3         4
   01234567890123456789012345678901234567890
S/E=our/enemy base #/~=wall W/P=worker/pioneer r/l/g=weapons
1/2/3/B=robots s/i/c=minerals V=vendor Q=shop T=task; enemy fog is preserved
round=11 team=1 side=challenger
31 i.............i........i.................
30 .................................s.......
29 ...........c.............................
28 .........................................
27 .........................................
26 .........................................
25 .........................................
24 ............................s............
23 .........r.r.............................
22 .........SSr.............................
21 .........SS..............................
20 .......................c.Q...............
19 .........................................
18 .........................................
17 ................TT........TT.............
16 ...............P...WV....................
15 .........................................
14 ..............T........T.................
13 ................W........................
12 .........................................
11 .....................s...................
10 ..............................EE.........
09 ..............................EE.........
08 .........................................
07 .........................................
06 .................................c.......
05 s........................................
04 .........................................
03 .........................................
02 .........................................
01 .................................i.......
00 ........c................................
   0         1         2         3         4
   01234567890123456789012345678901234567890
S/E=our/enemy base #/~=wall W/P=worker/pioneer r/l/g=weapons
1/2/3/B=robots s/i/c=minerals V=vendor Q=shop T=task; enemy fog is preserved
round=12 team=1 side=challenger
31 i.............i........i.................
30 .................................s.......
29 ...........c.............................
28 .........................................
27 .........................................
26 .........................................
25 .........................................
24 ............................s............
23 .........r.r.............................
22 .........SSr.............................
21 .........SS..............................
20 .......................c.Q...............
19 .........................................
18 .........................................
17 ................TT..W.....TT.............
16 ...............P....V....................
15 .........................................
14 ..............T........T.................
13 .........................................
12 .................W.......................
11 .....................s...................
10 ..............................EE.........
09 ..............................EE.........
08 .........................................
07 .........................................
06 .................................c.......
05 s........................................
04 .........................................
03 .........................................
02 .........................................
01 .................................i.......
00 ........c................................
   0         1         2         3         4
   01234567890123456789012345678901234567890
S/E=our/enemy base #/~=wall W/P=worker/pioneer r/l/g=weapons
1/2/3/B=robots s/i/c=minerals V=vendor Q=shop T=task; enemy fog is preserved
round=13 team=1 side=challenger
31 i.............i........i.................
30 .................................s.......
29 ...........c.............................
28 .........................................
27 .........................................
26 .........................................
25 .........................................
24 ............................s............
23 .........r.r.............................
22 .........SSr.............................
21 .........SS..............................
20 .......................c.Q...............
19 .........................................
18 .....................W...................
17 ................TT........TT.............
16 ...............P....V....p...............
15 .........................................
14 ..............T........T.................
13 .........................................
12 .........................................
11 ..................W..s...................
10 ......................w.......EE.........
09 ..............................EE.........
08 .........................................
07 .........................................
06 .................................c.......
05 s........................................
04 .........................................
03 .........................................
02 .........................................
01 .................................i.......
00 ........c................................
   0         1         2         3         4
   01234567890123456789012345678901234567890
S/E=our/enemy base #/~=wall W/P=worker/pioneer r/l/g=weapons
1/2/3/B=robots s/i/c=minerals V=vendor Q=shop T=task; enemy fog is preserved
round=14 team=1 side=challenger
31 i.............i........i.................
30 .................................s.......
29 ...........c.............................
28 .........................................
27 .........................................
26 .........................................
25 .........................................
24 ............................s............
23 .........r.r.............................
22 .........SSr.............................
21 .........SS..............................
20 .......................c.Q...............
19 .........................................
18 .........................................
17 ................TT....W...TT.............
16 ....................V....................
15 ................P........p...............
14 ..............T........T.................
13 .........................................
12 ..................W......................
11 .....................sw..................
10 ..............................EE.........
09 ..............................EE.........
08 .........................................
07 .........................................
06 .................................c.......
05 s........................................
04 .........................................
03 .........................................
02 .........................................
01 .................................i.......
00 ........c................................
   0         1         2         3         4
   01234567890123456789012345678901234567890
S/E=our/enemy base #/~=wall W/P=worker/pioneer r/l/g=weapons
1/2/3/B=robots s/i/c=minerals V=vendor Q=shop T=task; enemy fog is preserved
round=15 team=1 side=challenger
31 i.............i........i.................
30 .................................s.......
29 ...........c.............................
28 .........................................
27 .........................................
26 .........................................
25 .........................................
24 ............................s............
23 .........r.r.............................
22 .........SSr.............................
21 .........SS..............................
20 .......................c.Q...............
19 .........................................
18 .......................W.................
17 ................TT........TT.............
16 ....................V....................
15 .........................................
14 ..............T..P.....T..p..............
13 ...................W.....................
12 .....................w...................
11 .....................s...................
10 ..............................EE.........
09 ..............................EE.........
08 .........................................
07 .........................................
06 .................................c.......
05 s........................................
04 .........................................
03 .........................................
02 .........................................
01 .................................i.......
00 ........c................................
   0         1         2         3         4
   01234567890123456789012345678901234567890
S/E=our/enemy base #/~=wall W/P=worker/pioneer r/l/g=weapons
1/2/3/B=robots s/i/c=minerals V=vendor Q=shop T=task; enemy fog is preserved
round=16 team=1 side=challenger
31 i.............i........i.................
30 .................................s.......
29 ...........c.............................
28 .........................................
27 .........................................
26 .........................................
25 .........................................
24 ............................s............
23 .........r.r.............................
22 .........SSr.............................
21 .........SS..............................
20 .......................c.Q...............
19 ........................W................
18 .........................................
17 ................TT........TT.............
16 ....................V....................
15 ..................P......................
14 ..............T.....W..T.................
13 ....................w....................
12 .........................................
11 .....................s...................
10 ..............................EE.........
09 ..............................EE.........
08 .........................................
07 .........................................
06 .................................c.......
05 s........................................
04 .........................................
03 .........................................
02 .........................................
01 .................................i.......
00 ........c................................
   0         1         2         3         4
   01234567890123456789012345678901234567890
S/E=our/enemy base #/~=wall W/P=worker/pioneer r/l/g=weapons
1/2/3/B=robots s/i/c=minerals V=vendor Q=shop T=task; enemy fog is preserved
round=17 team=1 side=challenger
31 i.............i........i.................
30 .................................s.......
29 ...........c.............................
28 .........................................
27 .........................................
26 .........................................
25 .........................................
24 ............................s............
23 .........r.r.............................
22 .........SSr.............................
21 .........SS..............................
20 .......................c.Q...............
19 ........................W................
18 .........................................
17 ................TT........TT.............
16 ...................PV....................
15 .....................W...................
14 ..............T....w...T.................
13 .........................................
12 .........................................
11 .....................s...................
10 ............................~.EE.........
09 ..............................EE.........
08 .........................................
07 .........................................
06 .................................c.......
05 s........................................
04 .........................................
03 .........................................
02 .........................................
01 .................................i.......
00 ........c................................
   0         1         2         3         4
   01234567890123456789012345678901234567890
S/E=our/enemy base #/~=wall W/P=worker/pioneer r/l/g=weapons
1/2/3/B=robots s/i/c=minerals V=vendor Q=shop T=task; enemy fog is preserved
round=18 team=1 side=challenger
31 i.............i........i.................
30 .................................s.......
29 ...........c.............................
28 .........................................
27 .........................................
26 .........................................
25 .........................................
24 ............................s............
23 .........r.r.............................
22 .........SSr.............................
21 .........SS..............................
20 .......................c.Q...............
19 ........................W................
18 .........................................
17 ................TT........TT.............
16 ....................V....................
15 ..................P.w....................
14 ..............T.....W..T.................
13 .........................................
12 .........................................
11 .....................s...................
10 ............................~.EE.........
09 ..............................EE.........
08 .........................................
07 .........................................
06 .................................c.......
05 s........................................
04 .........................................
03 .........................................
02 .........................................
01 .................................i.......
00 ........c................................
   0         1         2         3         4
   01234567890123456789012345678901234567890
S/E=our/enemy base #/~=wall W/P=worker/pioneer r/l/g=weapons
1/2/3/B=robots s/i/c=minerals V=vendor Q=shop T=task; enemy fog is preserved
round=19 team=1 side=challenger
31 i.............i........i.................
30 .................................s.......
29 ...........c.............................
28 .........................................
27 .........................................
26 .........................................
25 .........................................
24 ............................s............
23 .........r.r.............................
22 .........SSr.............................
21 .........SS..............................
20 .......................c.Q...............
19 ........................W................
18 .........................................
17 ................TT........TT.............
16 ....................V....................
15 .....................w...................
14 ..............T..P.....T.................
13 ...................W.....................
12 .........................................
11 .....................s...................
10 ............................~.EE.........
09 ..............................EE.........
08 .........................................
07 .........................................
06 .................................c.......
05 s........................................
04 .........................................
03 .........................................
02 .........................................
01 .................................i.......
00 ........c................................
   0         1         2         3         4
   01234567890123456789012345678901234567890
S/E=our/enemy base #/~=wall W/P=worker/pioneer r/l/g=weapons
1/2/3/B=robots s/i/c=minerals V=vendor Q=shop T=task; enemy fog is preserved
round=20 team=1 side=challenger
31 i.............i........i.................
30 .................................s.......
29 ...........c.............................
28 .........................................
27 .........................................
26 .........................................
25 .........................................
24 ............................s............
23 .........r.r.............................
22 .........SSr.............................
21 .........SS..............................
20 .......................c.Q...............
19 ........................W................
18 .........................................
17 ................TT........TT.............
16 ....................V.w..................
15 .........................................
14 ..............T........T.................
13 ................P........................
12 ....................W...w................
11 .....................s...................
10 ............................~.EE.........
09 ..............................EE.........
08 .........................................
07 .........................................
06 .................................c.......
05 s........................................
04 .........................................
03 .........................................
02 .........................................
01 .................................i.......
00 ........c................................
   0         1         2         3         4
   01234567890123456789012345678901234567890
S/E=our/enemy base #/~=wall W/P=worker/pioneer r/l/g=weapons
1/2/3/B=robots s/i/c=minerals V=vendor Q=shop T=task; enemy fog is preserved
round=21 team=1 side=challenger
31 i.............i........i.................
30 .................................s.......
29 ...........c.............................
28 .........................................
27 .........................................
26 .........................................
25 .........................................
24 ............................s............
23 .........r.r.............................
22 .........SSr.............................
21 .........SS..............................
20 .......................c.Q...............
19 ........................W................
18 .........................................
17 ................TT.....w..TT.............
16 ....................V....................
15 .........................................
14 ..............TP.......T.................
13 .......................w.................
12 ....................W....................
11 .....................s...................
10 ............................~.EE.........
09 ..............................EE.........
08 .........................................
07 .........................................
06 .................................c.......
05 s........................................
04 .........................................
03 .........................................
02 .........................................
01 .................................i.......
00 ........c................................
   0         1         2         3         4
   01234567890123456789012345678901234567890
S/E=our/enemy base #/~=wall W/P=worker/pioneer r/l/g=weapons
1/2/3/B=robots s/i/c=minerals V=vendor Q=shop T=task; enemy fog is preserved
round=22 team=1 side=challenger
31 i.............i........i.................
30 .................................s.......
29 ...........c.............................
28 .........................................
27 .........................................
26 .........................................
25 .........................................
24 ............................s............
23 .........r.r.............................
22 .........SSr.............................
21 .........SS..............................
20 .......................c.Q...............
19 ........................W................
18 ........................w................
17 ................TT........TT.............
16 ....................V....................
15 ..............P..........................
14 ..............T.......wT.................
13 .........................................
12 ....................W....................
11 .....................s...................
10 ............................~.EE.........
09 ..............................EE.........
08 .........................................
07 .........................................
06 .................................c.......
05 s........................................
04 .........................................
03 .........................................
02 .........................................
01 .................................i.......
00 ........c................................
   0         1         2         3         4
   01234567890123456789012345678901234567890
S/E=our/enemy base #/~=wall W/P=worker/pioneer r/l/g=weapons
1/2/3/B=robots s/i/c=minerals V=vendor Q=shop T=task; enemy fog is preserved
round=23 team=1 side=challenger
31 i.............i........i.................
30 .................................s.......
29 ...........c.............................
28 .........................................
27 .........................................
26 .........................................
25 .........................................
24 ............................s............
23 .........r.r.............................
22 .........SSr.............................
21 .........SS..............................
20 .......................c.Q...............
19 ........................Ww...............
18 .........................................
17 ................TT........TT.............
16 .............P......V....................
15 ......................w..................
14 ..............T........T.................
13 .........................................
12 ....................W....................
11 .....................s...................
10 ............................~.EE.........
09 ..............................EE.........
08 .........................................
07 .........................................
06 .................................c.......
05 s........................................
04 .........................................
03 .........................................
02 .........................................
01 .................................i.......
00 ........c................................
   0         1         2         3         4
   01234567890123456789012345678901234567890
S/E=our/enemy base #/~=wall W/P=worker/pioneer r/l/g=weapons
1/2/3/B=robots s/i/c=minerals V=vendor Q=shop T=task; enemy fog is preserved
round=24 team=1 side=challenger
31 i.............i........i.................
30 .................................s.......
29 ...........c.............................
28 .........................................
27 .........................................
26 .........................................
25 .........................................
24 ............................s............
23 .........r.r.............................
22 .........SSr.............................
21 .........SS..............................
20 .......................c.Q...............
19 ........................Ww...............
18 .........................................
17 ............P...TT........TT.............
16 ....................V..w.................
15 .........................................
14 ..............T........T.................
13 .........................................
12 ....................W....................
11 .....................s...................
10 ............................~.EE.........
09 ..............................EE.........
08 .........................................
07 .........................................
06 .................................c.......
05 s........................................
04 .........................................
03 .........................................
02 .........................................
01 .................................i.......
00 ........c................................
   0         1         2         3         4
   01234567890123456789012345678901234567890
S/E=our/enemy base #/~=wall W/P=worker/pioneer r/l/g=weapons
1/2/3/B=robots s/i/c=minerals V=vendor Q=shop T=task; enemy fog is preserved
round=25 team=1 side=challenger
31 i.............i........i.................
30 .................................s.......
29 ...........c.............................
28 .........................................
27 .........................................
26 .........................................
25 .........................................
24 ............................s............
23 .........r.r.............................
22 .........SSr.............................
21 .........SS..............................
20 .......................c.Q...............
19 ........................W................
18 ...........P............w................
17 ................TT........TT.............
16 ....................V....................
15 ......................w..................
14 ..............T........T.................
13 .........................................
12 ....................W....................
11 .....................s...................
10 ............................~.EE.........
09 ..............................EE.........
08 .........................................
07 .........................................
06 .................................c.......
05 s........................................
04 .........................................
03 .........................................
02 .........................................
01 .................................i.......
00 ........c................................
   0         1         2         3         4
   01234567890123456789012345678901234567890
S/E=our/enemy base #/~=wall W/P=worker/pioneer r/l/g=weapons
1/2/3/B=robots s/i/c=minerals V=vendor Q=shop T=task; enemy fog is preserved
round=26 team=1 side=challenger
31 i.............i........i.................
30 .................................s.......
29 ...........c.............................
28 .........................................
27 .........................................
26 .........................................
25 .........................................
24 ............................s............
23 .........r.r.............................
22 .........SSr.............................
21 .........SS..............................
20 .......................c.Q...............
19 ..........P.............W................
18 .........................................
17 ................TT.....w..TT.............
16 ....................V....................
15 .........................................
14 ..............T......w.T.................
13 .........................................
12 ....................W....................
11 .....................s...................
10 ............................~.EE.........
09 ..............................EE.........
08 .........................................
07 .........................................
06 .................................c.......
05 s........................................
04 .........................................
03 .........................................
02 .........................................
01 .................................i.......
00 ........c................................
   0         1         2         3         4
   01234567890123456789012345678901234567890
S/E=our/enemy base #/~=wall W/P=worker/pioneer r/l/g=weapons
1/2/3/B=robots s/i/c=minerals V=vendor Q=shop T=task; enemy fog is preserved
round=27 team=1 side=challenger
31 i.............i........i.................
30 .................................s.......
29 ...........c.............................
28 ............c............................
27 .........................................
26 .........................................
25 .........................................
24 ............................s............
23 .........r.r.............................
22 .........SSr.............................
21 .........SS..............................
20 .........P...............Q...............
19 ........................W................
18 .........................................
17 ................TT........TT.............
16 ....................V.w..................
15 .........................................
14 ..............T........T.................
13 ....................w....................
12 ....................W....................
11 .....................s...................
10 ............................~.EE.........
09 ..............................EE.........
08 .........................................
07 .........................................
06 .................................c.......
05 s........................................
04 .........................................
03 .........................................
02 .........................................
01 .................................i.......
00 ........c................................
   0         1         2         3         4
   01234567890123456789012345678901234567890
S/E=our/enemy base #/~=wall W/P=worker/pioneer r/l/g=weapons
1/2/3/B=robots s/i/c=minerals V=vendor Q=shop T=task; enemy fog is preserved
round=28 team=1 side=challenger
31 i.............i........i.................
30 .................................s.......
29 ...........c.............................
28 ............c............................
27 .........................................
26 .........................................
25 .........................................
24 ............................s............
23 .........r.r.............................
22 .........SSr.............................
21 ........PSS..............................
20 .........................Q...............
19 .........................................
18 .......................W.................
17 ................TT........TT.............
16 ....................V....................
15 .......................w.................
14 ..............T........T.................
13 .........................................
12 ....................Ww...................
11 .....................s...................
10 ............................~.EE.........
09 ..............................EE.........
08 .........................................
07 .........................................
06 .................................c.......
05 s........................................
04 .........................................
03 .........................................
02 .........................................
01 .................................i.......
00 ........c................................
   0         1         2         3         4
   01234567890123456789012345678901234567890
S/E=our/enemy base #/~=wall W/P=worker/pioneer r/l/g=weapons
1/2/3/B=robots s/i/c=minerals V=vendor Q=shop T=task; enemy fog is preserved
round=29 team=1 side=challenger
31 i.............i........i.................
30 .................................s.......
29 ...........c.............................
28 ............c............................
27 .........................................
26 .........................................
25 .........................................
24 ..........................s.s............
23 .........r.r.............................
22 .........SSr.............................
21 ........PSS..............................
20 .........................Q...............
19 .........................................
18 ......................W..................
17 ................TT........TT.............
16 ....................V....................
15 .........................................
14 ..............T........Tw................
13 .........................................
12 ....................Ww...................
11 .........................................
10 ............................~.EE.........
09 ..............................EE.........
08 .........................................
07 .........................................
06 .................................c.......
05 s........................................
04 .........................................
03 .........................................
02 .........................................
01 .................................i.......
00 ........c................................
   0         1         2         3         4
   01234567890123456789012345678901234567890
S/E=our/enemy base #/~=wall W/P=worker/pioneer r/l/g=weapons
1/2/3/B=robots s/i/c=minerals V=vendor Q=shop T=task; enemy fog is preserved
round=30 team=1 side=challenger
31 i.............i........i.................
30 .................................s.......
29 ...........c.............................
28 ............c............................
27 .........................................
26 .........................................
25 .........................................
24 ..........................s.s............
23 .........r.r.............................
22 .........SSr.............................
21 ........PSS..............................
20 .........................Q...............
19 .....................W...................
18 .........................................
17 ................TT........TT.............
16 ....................V....................
15 .........................................
14 ..............T........T.................
13 ...................W.....................
12 .........................................
11 ......................w..................
10 ............................~.EE.........
09 ..............................EE.........
08 .........................................
07 .........................................
06 .................................c.......
05 s........................................
04 .........................................
03 .........................................
02 .........................................
01 .................................i.......
00 ........c................................
   0         1         2         3         4
   01234567890123456789012345678901234567890
S/E=our/enemy base #/~=wall W/P=worker/pioneer r/l/g=weapons
1/2/3/B=robots s/i/c=minerals V=vendor Q=shop T=task; enemy fog is preserved
round=31 team=1 side=challenger
31 i.............i........i.................
30 .................................s.......
29 ...........c.............................
28 ............c............................
27 .........................................
26 .........................................
25 .........................................
24 ..........................s.s............
23 .........r.r.............................
22 .........SSr.............................
21 ........PSS..............................
20 ....................W....Q...............
19 .........................................
18 .........................................
17 ................TT........TT.............
16 ....................V....................
15 .........................................
14 ..............T...W....T.................
13 .........................................
12 .........................................
11 .........................................
10 ............................~.EE.........
09 ..............................EE.........
08 .........................................
07 .........................................
06 .................................c.......
05 s........................................
04 .........................................
03 .........................................
02 .........................................
01 .................................i.......
00 ........c................................
   0         1         2         3         4
   01234567890123456789012345678901234567890
S/E=our/enemy base #/~=wall W/P=worker/pioneer r/l/g=weapons
1/2/3/B=robots s/i/c=minerals V=vendor Q=shop T=task; enemy fog is preserved
round=32 team=1 side=challenger
31 i.............i........i.................
30 .................................s.......
29 ...........c.............................
28 ............c............................
27 .........................................
26 .........................................
25 .........................................
24 ..........................s.s............
23 .........r.r.............................
22 .........SSr.............................
21 ........PSS........W.....................
20 .........................Q...............
19 .........................................
18 .........................................
17 ................TT........TT.............
16 ....................V....................
15 .................W.......................
14 ..............T........T.................
13 .........................................
12 .........................................
11 .........................................
10 ............................~.EE.........
09 ..............................EE.........
08 .........................................
07 .........................................
06 .................................c.......
05 s........................................
04 .........................................
03 .........................................
02 .........................................
01 .................................i.......
00 ........c................................
   0         1         2         3         4
   01234567890123456789012345678901234567890
S/E=our/enemy base #/~=wall W/P=worker/pioneer r/l/g=weapons
1/2/3/B=robots s/i/c=minerals V=vendor Q=shop T=task; enemy fog is preserved
round=33 team=1 side=challenger
31 i.............i........i.................
30 .................................s.......
29 ...........c.............................
28 ............c............................
27 .........................................
26 .........................................
25 .........................................
24 ..........................s.s............
23 .........r.r.............................
22 .........SSr......W......................
21 ........PSS..............................
20 .........................Q...............
19 .........................................
18 .........................................
17 ................TT........TT.............
16 ..................W.V....................
15 .........................................
14 ..............T........T.................
13 .........................................
12 .........................................
11 .........................................
10 ............................~.EE.........
09 ..............................EE.........
08 .........................................
07 .........................................
06 .................................c.......
05 s........................................
04 .........................................
03 .........................................
02 .........................................
01 .................................i.......
00 ........c................................
   0         1         2         3         4
   01234567890123456789012345678901234567890
S/E=our/enemy base #/~=wall W/P=worker/pioneer r/l/g=weapons
1/2/3/B=robots s/i/c=minerals V=vendor Q=shop T=task; enemy fog is preserved
round=34 team=1 side=challenger
31 i.............i........i.................
30 .................................s.......
29 ...........c.............................
28 ............c............................
27 .........................................
26 .........................................
25 .........................................
24 ..........................s.s............
23 .........r.r.....W.......................
22 .........SSr.............................
21 ........PSS..............................
20 .........................Q...............
19 .........................................
18 .........................................
17 ................TT.W......TT.............
16 ....................V....................
15 .........................................
14 ..............T........T.................
13 .........................................
12 .........................................
11 .........................................
10 ............................~.EE.........
09 ..............................EE.........
08 .........................................
07 .........................................
06 .................................c.......
05 s........................................
04 .........................................
03 .........................................
02 .........................................
01 .................................i.......
00 ........c................................
   0         1         2         3         4
   01234567890123456789012345678901234567890
S/E=our/enemy base #/~=wall W/P=worker/pioneer r/l/g=weapons
1/2/3/B=robots s/i/c=minerals V=vendor Q=shop T=task; enemy fog is preserved
round=35 team=1 side=challenger
31 i.............i........i.................
30 .................................s.......
29 ...........c.............................
28 ............c............................
27 .........................................
26 .........................................
25 .........................................
24 ................W.........s.s............
23 .........r.r.............................
22 .........SSr.............................
21 ........PSS..............................
20 .........................Q...............
19 .........................................
18 ....................W....................
17 ................TT........TT.............
16 ....................V....................
15 .........................................
14 ..............T........T.................
13 .........................................
12 .........................................
11 .........................................
10 ............................~.EE.........
09 ..............................EE.........
08 .........................................
07 .........................................
06 .................................c.......
05 s........................................
04 .........................................
03 .........................................
02 .........................................
01 .................................i.......
00 ........c................................
   0         1         2         3         4
   01234567890123456789012345678901234567890
S/E=our/enemy base #/~=wall W/P=worker/pioneer r/l/g=weapons
1/2/3/B=robots s/i/c=minerals V=vendor Q=shop T=task; enemy fog is preserved
round=36 team=1 side=challenger
31 i.............i........i.................
30 .................................s.......
29 ...........c.............................
28 ............c............................
27 .........................................
26 .........................................
25 ...............W.........................
24 ..........................s.s............
23 .........r.r.............................
22 .........SSr.............................
21 ........PSS..............................
20 .........................Q...............
19 .....................W...................
18 .........................................
17 ................TT........TT.............
16 ....................V....................
15 .........................................
14 ..............T........T.................
13 .........................................
12 .........................................
11 .........................................
10 ............................~.EE.........
09 ..............................EE.........
08 .........................................
07 .........................................
06 .................................c.......
05 s........................................
04 .........................................
03 .........................................
02 .........................................
01 .................................i.......
00 ........c................................
   0         1         2         3         4
   01234567890123456789012345678901234567890
S/E=our/enemy base #/~=wall W/P=worker/pioneer r/l/g=weapons
1/2/3/B=robots s/i/c=minerals V=vendor Q=shop T=task; enemy fog is preserved
round=37 team=1 side=challenger
31 i.............i........i.................
30 .................................s.......
29 ...........c.............................
28 ............c............................
27 .........................................
26 ..............W..........................
25 .........................................
24 ..........................s.s............
23 .........r.r.............................
22 .........SSr.............................
21 ........PSS..............................
20 .........................Q...............
19 .........................................
18 ....................W....................
17 ................TT........TT.............
16 ....................V....................
15 .........................................
14 ..............T........T.................
13 .........................................
12 .........................................
11 ............................~............
10 ............................~.EE.........
09 ..............................EE.........
08 .........................................
07 .........................................
06 .................................c.......
05 s........................................
04 .........................................
03 .........................................
02 .........................................
01 .................................i.......
00 ........c................................
   0         1         2         3         4
   01234567890123456789012345678901234567890
S/E=our/enemy base #/~=wall W/P=worker/pioneer r/l/g=weapons
1/2/3/B=robots s/i/c=minerals V=vendor Q=shop T=task; enemy fog is preserved
round=38 team=1 side=challenger
31 i.............i........i.................
30 .................................s.......
29 ...........c.............................
28 ............c............................
27 .............W...........................
26 .........................................
25 .........................................
24 ..........................s.s............
23 .........r.r.............................
22 .........SSr.............................
21 ........PSS..............................
20 .........................Q...............
19 .........................................
18 .........................................
17 ................TT.W......TT.............
16 ....................V....................
15 .........................................
14 ..............T........T.................
13 .........................................
12 .........................................
11 ............................~............
10 ............................~.EE.........
09 ..............................EE.........
08 .........................................
07 .........................................
06 .................................c.......
05 s........................................
04 .........................................
03 .........................................
02 .........................................
01 .................................i.......
00 ........c................................
   0         1         2         3         4
   01234567890123456789012345678901234567890
S/E=our/enemy base #/~=wall W/P=worker/pioneer r/l/g=weapons
1/2/3/B=robots s/i/c=minerals V=vendor Q=shop T=task; enemy fog is preserved
round=39 team=1 side=challenger
31 i.............i........i.................
30 .................................s.......
29 ...........c.............................
28 ............c............................
27 .............W...........................
26 .........................................
25 .........................................
24 ..........................s.s............
23 .........r.r.............................
22 .........SSr.............................
21 ........PSS..............................
20 .........................Q...............
19 .........................................
18 .........................................
17 ................TT........TT.............
16 ..................W.V....................
15 .........................................
14 ..............T........T.................
13 .........................................
12 .........................................
11 ............................~............
10 ............................~.EE.........
09 ..............................EE.........
08 .........................................
07 .........................................
06 .................................c.......
05 s........................................
04 .........................................
03 .........................................
02 .........................................
01 .................................i.......
00 ........c................................
   0         1         2         3         4
   01234567890123456789012345678901234567890
S/E=our/enemy base #/~=wall W/P=worker/pioneer r/l/g=weapons
1/2/3/B=robots s/i/c=minerals V=vendor Q=shop T=task; enemy fog is preserved
round=40 team=1 side=challenger
31 i.............i........i.................
30 .................................s.......
29 ...........c.............................
28 ............c............................
27 .............W...........................
26 .........................................
25 .........................................
24 ..........................s.s............
23 .........r.r.............................
22 .........SSr.............................
21 .........SS..............................
20 ........P................Q...............
19 .........................................
18 .........................................
17 ................TT........TT.............
16 ....................V....................
15 .................W.......................
14 ..............T........T.................
13 .........................................
12 .........................................
11 ............................~............
10 ............................~.EE.........
09 ..............................EE.........
08 .........................................
07 .........................................
06 .................................c.......
05 s........................................
04 .........................................
03 .........................................
02 .........................................
01 .................................i.......
00 ........c................................
   0         1         2         3         4
   01234567890123456789012345678901234567890
S/E=our/enemy base #/~=wall W/P=worker/pioneer r/l/g=weapons
1/2/3/B=robots s/i/c=minerals V=vendor Q=shop T=task; enemy fog is preserved
round=41 team=1 side=challenger
31 i.............i........i.................
30 .................................s.......
29 ...........c.............................
28 ............c............................
27 .............W...........................
26 .........................................
25 .........................................
24 ..........................s.s............
23 .........r.r.............................
22 .........SSr.............................
21 .........SS..............................
20 .........................Q...............
19 .........P...............................
18 .........................................
17 ................TT........TT.............
16 ....................V....................
15 ................W........................
14 ..............T........T.................
13 .........................................
12 .........................................
11 ............................~............
10 ............................~.EE.........
09 ..............................EE.........
08 .........................................
07 .........................................
06 .................................c.......
05 s........................................
04 .........................................
03 .........................................
02 .........................................
01 .................................i.......
00 ........c................................
   0         1         2         3         4
   01234567890123456789012345678901234567890
S/E=our/enemy base #/~=wall W/P=worker/pioneer r/l/g=weapons
1/2/3/B=robots s/i/c=minerals V=vendor Q=shop T=task; enemy fog is preserved
round=42 team=1 side=challenger
31 i.............i........i.................
30 .................................s.......
29 ...........c.............................
28 ............c............................
27 .............W...........................
26 .........................................
25 .........................................
24 ..........................s.s............
23 .........r.r.............................
22 .........SSr.............................
21 .........SS..............................
20 .........................Q...............
19 .........................................
18 ..........P..............................
17 ................TT........TT.............
16 ...............W....V....................
15 .........................................
14 ..............T........T.................
13 .........................................
12 .........................................
11 ............................~............
10 ............................~.EE.........
09 ..............................EE.........
08 .........................................
07 .........................................
06 .................................c.......
05 s........................................
04 .........................................
03 .........................................
02 .........................................
01 .................................i.......
00 ........c................................
   0         1         2         3         4
   01234567890123456789012345678901234567890
S/E=our/enemy base #/~=wall W/P=worker/pioneer r/l/g=weapons
1/2/3/B=robots s/i/c=minerals V=vendor Q=shop T=task; enemy fog is preserved
round=43 team=1 side=challenger
31 i.............i........i.................
30 .................................s.......
29 ...........c.............................
28 ............c............................
27 .............W...........................
26 .........................................
25 .........................................
24 ..........................s.s............
23 .........r.r.............................
22 .........SSr.............................
21 .........SS..............................
20 .........................Q...............
19 .........................................
18 .........................................
17 ...........P..W.TT........TT.............
16 ....................V....................
15 .........................................
14 ..............T........T.................
13 .........................................
12 .........................................
11 ............................~............
10 ............................~.EE.........
09 ..............................EE.........
08 .........................................
07 .........................................
06 .................................c.......
05 s........................................
04 .........................................
03 .........................................
02 .........................................
01 .................................i.......
00 ........c................................
   0         1         2         3         4
   01234567890123456789012345678901234567890
S/E=our/enemy base #/~=wall W/P=worker/pioneer r/l/g=weapons
1/2/3/B=robots s/i/c=minerals V=vendor Q=shop T=task; enemy fog is preserved
round=44 team=1 side=challenger
31 i.............i........i.................
30 .................................s.......
29 ...........c.............................
28 ............c............................
27 .........................................
26 ............W............................
25 .........................................
24 ..........................s.s............
23 .........r.r.............................
22 .........SSr.............................
21 .........SS..............................
20 .........................Q...............
19 .........................................
18 .............W...........................
17 ................TT........TT.............
16 ............P.......V....................
15 .........................................
14 ..............T........T.................
13 .........................................
12 .........................................
11 ............................~............
10 ............................~.EE.........
09 ..............................EE.........
08 .........................................
07 .........................................
06 .................................c.......
05 s........................................
04 .........................................
03 .........................................
02 .........................................
01 .................................i.......
00 ........c................................
   0         1         2         3         4
   01234567890123456789012345678901234567890
S/E=our/enemy base #/~=wall W/P=worker/pioneer r/l/g=weapons
1/2/3/B=robots s/i/c=minerals V=vendor Q=shop T=task; enemy fog is preserved
round=45 team=1 side=challenger
31 i.............i........i.................
30 .................................s.......
29 ...........c.............................
28 ............c............................
27 .........................................
26 .........................................
25 ...........W.............................
24 ..........................s.s............
23 .........r.r.............................
22 .........SSr.............................
21 .........SS..............................
20 .........................Q...............
19 ............#............................
18 .............W...........................
17 ................TT........TT.............
16 ....................V....................
15 .............P...........................
14 ..............T........T.................
13 .........................................
12 .........................................
11 ............................~............
10 ............................~.EE.........
09 ..............................EE.........
08 .........................................
07 .........................................
06 .................................c.......
05 s........................................
04 .........................................
03 .........................................
02 .........................................
01 .................................i.......
00 ........c................................
   0         1         2         3         4
   01234567890123456789012345678901234567890
S/E=our/enemy base #/~=wall W/P=worker/pioneer r/l/g=weapons
1/2/3/B=robots s/i/c=minerals V=vendor Q=shop T=task; enemy fog is preserved
round=46 team=1 side=challenger
31 i.............i........i.................
30 .................................s.......
29 ...........c.............................
28 ............c............................
27 .........................................
26 .........................................
25 .........................................
24 ............W.............s.s............
23 .........r.r.............................
22 .........SSr.............................
21 .........SS..............................
20 .........................Q...............
19 ............#............................
18 ............W............................
17 ................TT........TT.............
16 ....................V....................
15 .............P...........................
14 ..............T........T.................
13 .........................................
12 .........................................
11 ............................~............
10 ............................~.EE.........
09 ..............................EE.........
08 .........................................
07 .........................................
06 .................................c.......
05 s........................................
04 .........................................
03 .........................................
02 .........................................
01 .................................i.......
00 ........c................................
   0         1         2         3         4
   01234567890123456789012345678901234567890
S/E=our/enemy base #/~=wall W/P=worker/pioneer r/l/g=weapons
1/2/3/B=robots s/i/c=minerals V=vendor Q=shop T=task; enemy fog is preserved
round=47 team=1 side=challenger
31 i.............i........i.................
30 .................................s.......
29 ...........c.............................
28 ............c............................
27 .........................................
26 .........................................
25 .........................................
24 ..........................s.s............
23 .........r.r.W...........................
22 .........SSr.............................
21 .........SS..............................
20 .........................Q...............
19 ...........##............................
18 ............W............................
17 ................TT........TT.............
16 ....................V....................
15 .............P...........................
14 ..............T........T.................
13 .........................................
12 .........................................
11 ............................~............
10 ............................~.EE.........
09 ..............................EE.........
08 .........................................
07 .........................................
06 .................................c.......
05 s........................................
04 .........................................
03 .........................................
02 .........................................
01 .................................i.......
00 ........c................................
   0         1         2         3         4
   01234567890123456789012345678901234567890
S/E=our/enemy base #/~=wall W/P=worker/pioneer r/l/g=weapons
1/2/3/B=robots s/i/c=minerals V=vendor Q=shop T=task; enemy fog is preserved
round=48 team=1 side=challenger
31 i.............i........i.................
30 .................................s.......
29 ...........c.............................
28 ............c............................
27 .........................................
26 .........................................
25 .........................................
24 ..........................s.s............
23 .........r.r.............................
22 .........SSr..W..........................
21 .........SS..............................
20 .........................Q...............
19 ...........##............................
18 ...........W.............................
17 ................TT........TT.............
16 ....................V....................
15 ..............P..........................
14 ..............T........T.................
13 .........................................
12 .........................................
11 ............................~............
10 ............................~.EE.........
09 ..............................EE.........
08 .........................................
07 .........................................
06 .................................c.......
05 s........................................
04 .........................................
03 .........................................
02 .........................................
01 .................................i.......
00 ........c................................
   0         1         2         3         4
   01234567890123456789012345678901234567890
S/E=our/enemy base #/~=wall W/P=worker/pioneer r/l/g=weapons
1/2/3/B=robots s/i/c=minerals V=vendor Q=shop T=task; enemy fog is preserved
round=49 team=1 side=challenger
31 i.............i........i.................
30 .................................s.......
29 ...........c.............................
28 ............c............................
27 .........................................
26 .........................................
25 .........................................
24 ..........................s.s............
23 .........r.r.............................
22 .........SSr.............................
21 .........SS....W.........................
20 .........................Q...............
19 ..........###............................
18 ...........W.............................
17 ................TT........TT.............
16 ...............P....V....................
15 .........................................
14 ..............T........T.................
13 .........................................
12 .........................................
11 ............................~............
10 ............................~.EE.........
09 ..............................EE.........
08 .........................................
07 .........................................
06 .................................c.......
05 s........................................
04 .........................................
03 .........................................
02 .........................................
01 .................................i.......
00 ........c................................
   0         1         2         3         4
   01234567890123456789012345678901234567890
S/E=our/enemy base #/~=wall W/P=worker/pioneer r/l/g=weapons
1/2/3/B=robots s/i/c=minerals V=vendor Q=shop T=task; enemy fog is preserved
round=50 team=1 side=challenger
31 i.............i........i.................
30 .................................s.......
29 ...........c.............................
28 ............c............................
27 .........................................
26 .........................................
25 .........................................
24 ..........................s.s............
23 .........r.r.............................
22 .........SSr.............................
21 .........SS..............................
20 ................W........Q...............
19 ..........###............................
18 ............W............................
17 ................TT........TT.............
16 ...............P....V....................
15 .........................................
14 ..............T........T.................
13 .........................................
12 .........................................
11 ............................~............
10 ............................~.EE.........
09 ..............................EE.........
08 .........................................
07 .........................................
06 .................................c.......
05 s........................................
04 .........................................
03 .........................................
02 .........................................
01 .................................i.......
00 ........c................................
   0         1         2         3         4
   01234567890123456789012345678901234567890
S/E=our/enemy base #/~=wall W/P=worker/pioneer r/l/g=weapons
1/2/3/B=robots s/i/c=minerals V=vendor Q=shop T=task; enemy fog is preserved
round=51 team=1 side=challenger
31 i.............i........i.................
30 .................................s.......
29 ...........c.............................
28 ............c............................
27 .........................................
26 .........................................
25 .........................................
24 ..........................s.s............
23 .........r.r.............................
22 .........SSr.............................
21 .........SS..............................
20 .........................Q...............
19 ..........###W...W.......................
18 .........................................
17 ................TT........TT.............
16 ...............P....V....................
15 .........................................
14 ..............T........T.................
13 .........................................
12 .........................................
11 ............................~............
10 ............................~.EE.........
09 ..............................EE.........
08 .........................................
07 .........................................
06 .................................c.......
05 s........................................
04 .........................................
03 .........................................
02 .........................................
01 .................................i.......
00 ........c................................
   0         1         2         3         4
   01234567890123456789012345678901234567890
S/E=our/enemy base #/~=wall W/P=worker/pioneer r/l/g=weapons
1/2/3/B=robots s/i/c=minerals V=vendor Q=shop T=task; enemy fog is preserved
round=52 team=1 side=challenger
31 i.............i........i.................
30 .................................s.......
29 ...........c.............................
28 ............c............................
27 .........................................
26 .........................................
25 .........................................
24 ..........................s.s............
23 .........r.r.............................
22 .........SSr.............................
21 .........SS..............................
20 ............#............Q...............
19 ..........###W...........................
18 ..................W......................
17 ................TT........TT.............
16 ....................V....................
15 ................P........................
14 ..............T........T.................
13 .........................................
12 .........................................
11 ............................~............
10 ............................~.EE.........
09 ..............................EE.........
08 .........................................
07 .........................................
06 .................................c.......
05 s........................................
04 .........................................
03 .........................................
02 .........................................
01 .................................i.......
00 ........c................................
   0         1         2         3         4
   01234567890123456789012345678901234567890
S/E=our/enemy base #/~=wall W/P=worker/pioneer r/l/g=weapons
1/2/3/B=robots s/i/c=minerals V=vendor Q=shop T=task; enemy fog is preserved
round=53 team=1 side=challenger
31 i.............i........i.................
30 .................................s.......
29 ...........c.............................
28 ............c............................
27 .........................................
26 .........................................
25 .........................................
24 ..........................s.s............
23 .........r.r.............................
22 .........SSr.............................
21 .........SS..............................
20 ............#W...........Q...............
19 ..........###..........w.................
18 .........................................
17 ................TT.W......TT.............
16 ....................V....................
15 .........................................
14 ..............T..P.....T.................
13 .........................................
12 .........................................
11 ............................~............
10 ............................~.EE.........
09 ..............................EE.........
08 .........................................
07 .........................................
06 .................................c.......
05 s........................................
04 .........................................
03 .........................................
02 .........................................
01 .................................i.......
00 ........c................................
   0         1         2         3         4
   01234567890123456789012345678901234567890
S/E=our/enemy base #/~=wall W/P=worker/pioneer r/l/g=weapons
1/2/3/B=robots s/i/c=minerals V=vendor Q=shop T=task; enemy fog is preserved
round=54 team=1 side=challenger
31 i.............i........i.................
30 .................................s.......
29 ...........c.............................
28 ............c............................
27 .........................................
26 .........................................
25 .........................................
24 ..........................s.s............
23 .........r.r.............................
22 .........SSr.............................
21 .........SS.#............................
20 ............#W...........Q...............
19 ..........###............................
18 .........................................
17 ................TT.W......TT.............
16 ....................V....................
15 .........................................
14 ..............T........T.................
13 ..................P......................
12 .........................................
11 ............................~............
10 ............................~.EE.........
09 ..............................EE.........
08 .........................................
07 .........................................
06 .................................c.......
05 s........................................
04 .........................................
03 .........................................
02 .........................................
01 .................................i.......
00 ........c................................
   0         1         2         3         4
   01234567890123456789012345678901234567890
S/E=our/enemy base #/~=wall W/P=worker/pioneer r/l/g=weapons
1/2/3/B=robots s/i/c=minerals V=vendor Q=shop T=task; enemy fog is preserved
round=55 team=1 side=challenger
31 i.............i........i.................
30 .................................s.......
29 ...........c.............................
28 ............c............................
27 .........................................
26 .........................................
25 .........................................
24 ..........................s.s............
23 .........r.r.............................
22 .........SSr.............................
21 .........SS.#W...........................
20 ............#............Q...............
19 ..........###............................
18 .........................................
17 ................TT..W.....TT.............
16 ....................V....................
15 .........................................
14 ..............T....P...T.................
13 .........................................
12 .........................................
11 ............................~............
10 ............................~.EE.........
09 ..............................EE.........
08 .........................................
07 .........................................
06 .................................c.......
05 s........................................
04 .........................................
03 .........................................
02 .........................................
01 .................................i.......
00 ........c................................
   0         1         2         3         4
   01234567890123456789012345678901234567890
S/E=our/enemy base #/~=wall W/P=worker/pioneer r/l/g=weapons
1/2/3/B=robots s/i/c=minerals V=vendor Q=shop T=task; enemy fog is preserved
round=56 team=1 side=challenger
31 i.............i........i.................
30 .................................s.......
29 ...........c.............................
28 ............c............................
27 .........................................
26 .........................................
25 .........................................
24 ..........................s.s............
23 .........r.r.............................
22 .........SSr#............................
21 .........SS.#W...........................
20 ............#............Q...............
19 ..........###............................
18 .........................................
17 ................TT........TT.............
16 ....................VW...................
15 .........................................
14 ..............T.....P..T.................
13 .........................................
12 .........................................
11 ............................~............
10 ............................~.EE.........
09 ..............................EE.........
08 .........................................
07 .........................................
06 .................................c.......
05 s........................................
04 .........................................
03 .........................................
02 .........................................
01 .................................i.......
00 ........c................................
   0         1         2         3         4
   01234567890123456789012345678901234567890
S/E=our/enemy base #/~=wall W/P=worker/pioneer r/l/g=weapons
1/2/3/B=robots s/i/c=minerals V=vendor Q=shop T=task; enemy fog is preserved
round=57 team=1 side=challenger
31 i.............i........i.................
30 .................................s.......
29 ...........c.............................
28 ............c............................
27 .........................................
26 .........................................
25 .........................................
24 ..........................s.s............
23 .........r.r.............................
22 .........SSr#W...........................
21 .........SS.#............................
20 ............#............Q...............
19 ..........###............................
18 .........................................
17 ................TT........TT.............
16 ....................V....................
15 ....................WP...................
14 ..............T........T.................
13 .........................................
12 .........................................
11 ............................~............
10 ............................~.EE.........
09 ..............................EE.........
08 .........................................
07 .........................................
06 .................................c.......
05 s........................................
04 .........................................
03 .........................................
02 .........................................
01 .................................i.......
00 ........c................................
   0         1         2         3         4
   01234567890123456789012345678901234567890
S/E=our/enemy base #/~=wall W/P=worker/pioneer r/l/g=weapons
1/2/3/B=robots s/i/c=minerals V=vendor Q=shop T=task; enemy fog is preserved
round=58 team=1 side=challenger
31 i.............i........i.................
30 .................................s.......
29 ...........c.............................
28 ............c............................
27 .........................................
26 .........................................
25 .........................................
24 ..........................s.s............
23 .........r.r#............................
22 .........SSr#W...........................
21 .........SS.#............................
20 ............#............Q...............
19 ..........###............................
18 .........................................
17 ................TT........TT.............
16 ...................WVP...................
15 .........................................
14 ..............T........T.................
13 .........................................
12 .........................................
11 ............................~............
10 ............................~.EE.........
09 ..............................EE.........
08 .........................................
07 .........................................
06 .................................c.......
05 s........................................
04 .........................................
03 .........................................
02 .........................................
01 .................................i.......
00 ........c................................
   0         1         2         3         4
   01234567890123456789012345678901234567890
S/E=our/enemy base #/~=wall W/P=worker/pioneer r/l/g=weapons
1/2/3/B=robots s/i/c=minerals V=vendor Q=shop T=task; enemy fog is preserved
round=59 team=1 side=challenger
31 i.............i........i.................
30 .................................s.......
29 ...........c.............................
28 ............c............................
27 .........................................
26 .........................................
25 .........................................
24 ..........................s.s............
23 .........r.r#W...........................
22 .........SSr#............................
21 .........SS.#............................
20 ............#............Q...............
19 ..........###............................
18 .........................................
17 ................TTW...P...TT.............
16 ....................V....................
15 .........................................
14 ..............T........T.................
13 .........................................
12 .........................................
11 ............................~............
10 ............................~.EE.........
09 ..............................EE.........
08 .........................................
07 .........................................
06 .................................c.......
05 s........................................
04 .........................................
03 .........................................
02 .........................................
01 .................................i.......
00 ........c................................
   0         1         2         3         4
   01234567890123456789012345678901234567890
S/E=our/enemy base #/~=wall W/P=worker/pioneer r/l/g=weapons
1/2/3/B=robots s/i/c=minerals V=vendor Q=shop T=task; enemy fog is preserved
round=60 team=1 side=challenger
31 i.............i........i.................
30 .................................s.......
29 ...........c.............................
28 ............c............................
27 .........................................
26 .........................................
25 .........................................
24 ............#.............s.s............
23 .........r.r#W...........................
22 .........SSr#............................
21 .........SS.#............................
20 ............#............Q...............
19 ..........###............................
18 .................W.....P.................
17 ................TT........TT.............
16 ....................V....................
15 .........................................
14 ..............T........T.................
13 .........................................
12 .........................................
11 ............................~............
10 ............................~.EE.........
09 ..............................EE.........
08 .........................................
07 .........................................
06 .................................c.......
05 s........................................
04 .........................................
03 .........................................
02 .........................................
01 .................................i.......
00 ........c................................
   0         1         2         3         4
   01234567890123456789012345678901234567890
S/E=our/enemy base #/~=wall W/P=worker/pioneer r/l/g=weapons
1/2/3/B=robots s/i/c=minerals V=vendor Q=shop T=task; enemy fog is preserved
round=61 team=1 side=challenger
31 i.............i........i.................
30 .................................s.......
29 ...........c.............................
28 ............c............................
27 .........................................
26 .........................................
25 .........................................
24 ............#W............s.s............
23 .........r.r#............................
22 .........SSr#............................
21 .........SS.#............................
20 ............#............Q...............
19 ..........###...W.......P................
18 .........................................
17 ................TT........TT.............
16 ....................V....................
15 .........................................
14 ..............T........T.................
13 .........................................
12 .........................................
11 ............................~............
10 ............................~.EE.........
09 ..............................EE.........
08 .........................................
07 .........................................
06 .................................c.......
05 s........................................
04 .........................................
03 .........................................
02 .........................................
01 .................................i.......
00 ........c................................
   0         1         2         3         4
   01234567890123456789012345678901234567890
S/E=our/enemy base #/~=wall W/P=worker/pioneer r/l/g=weapons
1/2/3/B=robots s/i/c=minerals V=vendor Q=shop T=task; enemy fog is preserved
round=62 team=1 side=challenger
31 i.............i........i.................
30 .................................s.......
29 ...........c.............................
28 ............c............................
27 .........................................
26 .........................................
25 ............W............................
24 ............#.............s.s............
23 .........r.r#............................
22 .........SSr#............................
21 .........SS.#............................
20 ............#..W.........Q...............
19 ..........###...........P................
18 .........................................
17 ................TT........TT.............
16 ....................V....................
15 .........................................
14 ..............T........T.................
13 .........................................
12 .........................................
11 ............................~............
10 ............................~.EE.........
09 ..............................EE.........
08 .........................................
07 .........................................
06 .................................c.......
05 s........................................
04 .........................................
03 .........................................
02 .........................................
01 .................................i.......
00 ........c................................
   0         1         2         3         4
   01234567890123456789012345678901234567890
S/E=our/enemy base #/~=wall W/P=worker/pioneer r/l/g=weapons
1/2/3/B=robots s/i/c=minerals V=vendor Q=shop T=task; enemy fog is preserved
round=63 team=1 side=challenger
31 i.............i........i.................
30 .................................s.......
29 ...........c.............................
28 ............c............................
27 .........................................
26 .........................................
25 ............W............................
24 ...........##.............s.s............
23 .........r.r#............................
22 .........SSr#............................
21 .........SS.#.W..........................
20 ............#............Q...............
19 ..........###............................
18 .......................P.................
17 ................TT........TT.............
16 ....................V....................
15 .........................................
14 ..............T........T.................
13 .........................................
12 .........................................
11 ............................~............
10 ............................~.EE.........
09 ..............................EE.........
08 .........................................
07 .........................................
06 .................................c.......
05 s........................................
04 .........................................
03 .........................................
02 .........................................
01 .................................i.......
00 ........c................................
   0         1         2         3         4
   01234567890123456789012345678901234567890
S/E=our/enemy base #/~=wall W/P=worker/pioneer r/l/g=weapons
1/2/3/B=robots s/i/c=minerals V=vendor Q=shop T=task; enemy fog is preserved
round=64 team=1 side=challenger
31 i.............i........i.................
30 .................................s.......
29 ...........c.............................
28 ............c............................
27 .........................................
26 .........................................
25 .........................................
24 ...........##W............s.s............
23 .........r.r#............................
22 .........SSr#W...........................
21 .........SS.#............................
20 ............#............Q...............
19 ..........###............................
18 .........................................
17 ................TT....P...TT.............
16 ....................V....................
15 .........................................
14 ..............T........T.................
13 .........................................
12 .........................................
11 ............................~............
10 ............................~.EE.........
09 ..............................EE.........
08 .........................................
07 .........................................
06 .................................c.......
05 s........................................
04 .........................................
03 .........................................
02 .........................................
01 .................................i.......
00 ........c................................
   0         1         2         3         4
   01234567890123456789012345678901234567890
S/E=our/enemy base #/~=wall W/P=worker/pioneer r/l/g=weapons
1/2/3/B=robots s/i/c=minerals V=vendor Q=shop T=task; enemy fog is preserved
round=65 team=1 side=challenger
31 i.............i........i.................
30 .................................s.......
29 ...........c.............................
28 ............c............................
27 .........................................
26 .........................................
25 .........................................
24 ...........##.............s.s............
23 .........r.r#WW..........................
22 .........SSr#............................
21 .........SS.#............................
20 ............#............Q...............
19 ..........###............................
18 .........................................
17 ................TT...P....TT.............
16 ....................V....................
15 .........................................
14 ..............T........T.................
13 .........................................
12 .........................................
11 ............................~............
10 ............................~.EE.........
09 ..............................EE.........
08 .........................................
07 .........................................
06 .................................c.......
05 s........................................
04 .........................................
03 .........................................
02 .........................................
01 .................................i.......
00 ........c................................
   0         1         2         3         4
   01234567890123456789012345678901234567890
S/E=our/enemy base #/~=wall W/P=worker/pioneer r/l/g=weapons
1/2/3/B=robots s/i/c=minerals V=vendor Q=shop T=task; enemy fog is preserved
round=66 team=1 side=challenger
31 i.............i........i.................
30 .................................s.......
29 ...........c.............................
28 ............c............................
27 .........................................
26 .........................................
25 .........................................
24 ...........##W............s.s............
23 .........r.r#............................
22 .........SSr#..W.........................
21 .........SS.#............................
20 ............#............Q...............
19 ..........###............................
18 ....................P....................
17 ................TT........TT.............
16 ....................V....................
15 .........................................
14 ..............T........T.................
13 .........................................
12 .........................................
11 ............................~............
10 ............................~.EE.........
09 ..............................EE.........
08 .........................................
07 .........................................
06 .................................c.......
05 s........................................
04 .........................................
03 .........................................
02 .........................................
01 .................................i.......
00 ........c................................
   0         1         2         3         4
   01234567890123456789012345678901234567890
S/E=our/enemy base #/~=wall W/P=worker/pioneer r/l/g=weapons
1/2/3/B=robots s/i/c=minerals V=vendor Q=shop T=task; enemy fog is preserved
round=67 team=1 side=challenger
31 i.............i........i.................
30 .................................s.......
29 ...........c.............................
28 ............c............................
27 .........................................
26 .........................................
25 ............W............................
24 ...........##.............s.s............
23 .........r.r#............................
22 .........SSr#............................
21 .........SS.#...W........................
20 ............#............Q...............
19 ..........###......P.....................
18 .........................................
17 ................TT........TT.............
16 ....................V....................
15 .........................................
14 ..............T........T.................
13 .........................................
12 .........................................
11 ............................~............
10 ............................~.EE.........
09 ..............................EE.........
08 .........................................
07 .........................................
06 .................................c.......
05 s........................................
04 .........................................
03 .........................................
02 .........................................
01 .................................i.......
00 ........c................................
   0         1         2         3         4
   01234567890123456789012345678901234567890
S/E=our/enemy base #/~=wall W/P=worker/pioneer r/l/g=weapons
1/2/3/B=robots s/i/c=minerals V=vendor Q=shop T=task; enemy fog is preserved
round=68 team=1 side=challenger
31 i.............i........i.................
30 .................................s.......
29 ...........c.............................
28 ............c............................
27 .........................................
26 .........................................
25 ...........W.............................
24 ...........##.............s.s............
23 .........r.r#............................
22 .........SSr#............................
21 .........SS.#............................
20 ............#....WP......Q...............
19 ..........###............................
18 .........................................
17 ................TT........TT.............
16 ....................V....................
15 .........................................
14 ..............T........T.................
13 .........................................
12 .........................................
11 ............................~............
10 ............................~.EE.........
09 ..............................EE.........
08 .........................................
07 .........................................
06 .................................c.......
05 s........................................
04 .........................................
03 .........................................
02 .........................................
01 .................................i.......
00 ........c................................
   0         1         2         3         4
   01234567890123456789012345678901234567890
S/E=our/enemy base #/~=wall W/P=worker/pioneer r/l/g=weapons
1/2/3/B=robots s/i/c=minerals V=vendor Q=shop T=task; enemy fog is preserved
round=69 team=1 side=challenger
31 i.............i........i.................
30 .................................s.......
29 ...........c.............................
28 ............c............................
27 .........................................
26 .........................................
25 .........................................
24 ..........W##.............s.s............
23 .........r.r#............................
22 .........SSr#............................
21 .........SS.#....P.......................
20 ............#............Q...............
19 ..........###.....W......................
18 .........................................
17 ................TT........TT.............
16 ....................V....................
15 .........................................
14 ..............T........T.................
13 .........................................
12 .........................................
11 ............................~............
10 ............................~.EE.........
09 ..............................EE.........
08 .........................................
07 .........................................
06 .................................c.......
05 s........................................
04 .........................................
03 .........................................
02 .........................................
01 .................................i.......
00 ........c................................
   0         1         2         3         4
   01234567890123456789012345678901234567890
S/E=our/enemy base #/~=wall W/P=worker/pioneer r/l/g=weapons
1/2/3/B=robots s/i/c=minerals V=vendor Q=shop T=task; enemy fog is preserved
round=70 team=1 side=challenger
31 i.............i........i.................
30 .................................s.......
29 ...........c.............................
28 ............c............................
27 .........................................
26 .........................................
25 .........................................
24 ...........##.............s.s............
23 .........rWr#............................
22 .........SSr#............................
21 .........SS.#...P........................
20 ............#............Q...............
19 ..........###............................
18 ...................W.....................
17 ................TT........TT.............
16 ....................V....................
15 .........................................
14 ..............T........T.................
13 .........................................
12 .........................................
11 ............................~............
10 ............................~.EE.........
09 ..............................EE.........
08 .........................................
07 .........................................
06 .................................c.......
05 s........................................
04 .........................................
03 .........................................
02 .........................................
01 .................................i.......
00 ........c................................
   0         1         2         3         4
   01234567890123456789012345678901234567890
S/E=our/enemy base #/~=wall W/P=worker/pioneer r/l/g=weapons
1/2/3/B=robots s/i/c=minerals V=vendor Q=shop T=task; enemy fog is preserved
round=71 team=1 side=challenger
31 i.............i........i.................
30 .................................s.......
29 ...........c.............................
28 ............c............................
27 ......................2111...............
26 .......................11................
25 .......................111...............
24 ...........##..........111s.s............
23 .........rWr#..........11................
22 .........SSr#..P.......11................
21 .........SS.#.........2111...............
20 ............#..........11Q...............
19 ..........###.........211................
18 ....................W..111...............
17 ................TT....211.TT.............
16 ....................V.2111...............
15 ................112......................
14 ..............T111.....T.................
13 ................112......................
12 ................11.......................
11 ................112.........~............
10 ................11..........~.EE.........
09 ...............1112...........EE.........
08 ...............111.......................
07 ...............111.......................
06 ................112..............c.......
05 s..............111.......................
04 ...............111.......................
03 .........................................
02 .........................................
01 .................................i.......
00 ........c................................
   0         1         2         3         4
   01234567890123456789012345678901234567890
S/E=our/enemy base #/~=wall W/P=worker/pioneer r/l/g=weapons
1/2/3/B=robots s/i/c=minerals V=vendor Q=shop T=task; enemy fog is preserved
round=72 team=1 side=challenger
31 i.............i........i.................
30 .................................s.......
29 ...........c.............................
28 ............c............................
27 .........................................
26 .....................2111................
25 ......................11.................
24 ...........##.........1111s.s............
23 .........rWr#.P.......111................
22 .........SSr#.........111................
21 .........SS.#.........2111...............
20 ............#..........11Q...............
19 ..........###......W..211................
18 .......................111...............
17 ................TT....211.TT.............
16 ....................V.21.................
15 .......................11................
14 ..............T..112...T.................
13 ................111......................
12 .................112.....................
11 .................11.........~............
10 .................112........~.EE.........
09 .................11...........EE.........
08 ................1112.....................
07 ................111......................
06 ................111..............c.......
05 s................112.....................
04 ................111......................
03 ................111......................
02 .........................................
01 .................................i.......
00 ........c................................
   0         1         2         3         4
   01234567890123456789012345678901234567890
S/E=our/enemy base #/~=wall W/P=worker/pioneer r/l/g=weapons
1/2/3/B=robots s/i/c=minerals V=vendor Q=shop T=task; enemy fog is preserved
round=73 team=1 side=challenger
31 i.............i........i.................
30 .................................s.......
29 ...........c.............................
28 ............c............................
27 .........................................
26 .........................................
25 ....................2111.................
24 ...........##P.......11.11s.s............
23 .........rWr#........1111................
22 .........SSr#........111.................
21 .........SS.#.........211................
20 ............#.........111Q...............
19 ..........###.....W...211................
18 ......................111................
17 ................TT....211.TT.............
16 ....................V.21.................
15 ......................11.................
14 ..............T........T.................
13 ..................112....................
12 .................111.....................
11 ..................112.......~............
10 ..................11........~.EE.........
09 ..................112.........EE.........
08 ..................11.....................
07 .................1112....................
06 .................111.............c.......
05 s................111.....................
04 ..................112....................
03 .................111.....................
02 .................111.....................
01 .................................i.......
00 ........c................................
   0         1         2         3         4
   01234567890123456789012345678901234567890
S/E=our/enemy base #/~=wall W/P=worker/pioneer r/l/g=weapons
1/2/3/B=robots s/i/c=minerals V=vendor Q=shop T=task; enemy fog is preserved
round=74 team=1 side=challenger
31 i.............i........i.................
30 .................................s.......
29 ...........c.............................
28 ............c............................
27 .........................................
26 .........................................
25 ............P............................
24 ...........##......2111...s.s............
23 .........rWr#.......11111................
22 .........SSr#.......1111.................
21 .........SS.#........11..................
20 ............#........211.Q...............
19 ..........###........111.................
18 .................W...211.................
17 ................TT...111..TT.............
16 ....................V211.................
15 .....................21..................
14 ..............T......11T.................
13 .........................................
12 ...................112...................
11 ..................111.......~............
10 ...................112......~.EE.........
09 ...................11.........EE.........
08 ...................112...................
07 ...................11....................
06 ..................1112...........c.......
05 s.................111....................
04 ..................111....................
03 ...................112...................
02 ..................111....................
01 ..................111............i.......
00 ........c................................
   0         1         2         3         4
   01234567890123456789012345678901234567890
S/E=our/enemy base #/~=wall W/P=worker/pioneer r/l/g=weapons
1/2/3/B=robots s/i/c=minerals V=vendor Q=shop T=task; enemy fog is preserved
round=75 team=1 side=challenger
31 i.............i........i.................
30 .................................s.......
29 ...........c.............................
28 ............c............................
27 .........................................
26 .........................................
25 ...........P.............................
24 ...........##.............s.s............
23 .........rWr#.....2111...................
22 .........SSr#......11111.................
21 .........SS.#......1111..................
20 ............#.......11.1.Q...............
19 ..........###.......2111.................
18 ................W...121..................
17 ................TT...11...TT.............
16 ....................V11..................
15 ....................211..................
14 ..............T.....21.T.................
13 ....................11...................
12 .........................................
11 ....................112.....~............
10 ...................111......~.EE.........
09 ....................112.......EE.........
08 ....................11...................
07 ....................112..................
06 ....................11...........c.......
05 s..................1112..................
04 ...................111...................
03 ...................111...................
02 ....................112..................
01 ...................111...........i.......
00 ........c..........111...................
   0         1         2         3         4
   01234567890123456789012345678901234567890
S/E=our/enemy base #/~=wall W/P=worker/pioneer r/l/g=weapons
1/2/3/B=robots s/i/c=minerals V=vendor Q=shop T=task; enemy fog is preserved
round=76 team=1 side=challenger
31 i.............i........i.................
30 .................................s.......
29 ...........c.............................
28 ............c............................
27 .........................................
26 .........................................
25 .........................................
24 ..........P##.............s.s............
23 .........rWr#........1...................
22 .........SSr#....2111....................
21 .........SS.#......1111..................
20 ............#......111.1.Q...............
19 ..........###......11.11.................
18 ...................2121..................
17 ...............WTT.1.1....TT.............
16 ....................V1...................
15 ....................11...................
14 ..............T....211.T.................
13 ...................21....................
12 ...................11....................
11 ............................~............
10 .....................112....~.EE.........
09 ....................11........EE.........
08 .....................112.................
07 .....................11..................
06 .....................112.........c.......
05 s....................11..................
04 ...................11112.................
03 ...................1111..................
02 ....................1112.................
01 ...................111...........i.......
00 ........c..........111...................
   0         1         2         3         4
   01234567890123456789012345678901234567890
S/E=our/enemy base #/~=wall W/P=worker/pioneer r/l/g=weapons
1/2/3/B=robots s/i/c=minerals V=vendor Q=shop T=task; enemy fog is preserved
round=77 team=1 side=challenger
31 i.............i........i.................
30 .................................s.......
29 ...........c.............................
28 ............c............................
27 .........................................
26 .........................................
25 .........................................
24 ..........P##.............s.s............
23 .........rWr#............................
22 .........SSr#.......1....................
21 .........SS.#...2111.....................
20 ............#.....1111.1.Q...............
19 ..........###.....111.11.................
18 ..................11.21..................
17 ..............W.TT21.1....TT.............
16 ..................1.V1...................
15 ....................11...................
14 ..............T....211.T.................
13 ...................21....................
12 ...................11....................
11 ............................~............
10 ............................~.EE.........
09 ......................112.....EE.........
08 .....................11..................
07 ......................112................
06 .....................111.........c.......
05 s.....................112................
04 ...................11112.................
03 ...................11111.................
02 ....................1112.................
01 ...................111...........i.......
00 ........c..........111...................
   0         1         2         3         4
   01234567890123456789012345678901234567890
S/E=our/enemy base #/~=wall W/P=worker/pioneer r/l/g=weapons
1/2/3/B=robots s/i/c=minerals V=vendor Q=shop T=task; enemy fog is preserved
round=78 team=1 side=challenger
31 i.............i........i.................
30 .................................s.......
29 ...........c.............................
28 ............c............................
27 .........................................
26 .........................................
25 .........................................
24 .........P.##.............s.s............
23 .........rWr#............................
22 .........SSr#............................
21 .........SS.#......1.....................
20 ............#..211111..1.Q...............
19 ..........###....1111.11.................
18 ..................11.21..................
17 ................TT1..1....TT.............
16 .............W...21.V1...................
15 .................1..11...................
14 ..............T....211.T.................
13 ...................21....................
12 ...................11....................
11 ............................~............
10 ............................~.EE.........
09 ..............................EE.........
08 .......................112...............
07 ......................11.................
06 .....................1.112.......c.......
05 s.....................111................
04 ...................1111212...............
03 ...................11111.................
02 ....................1112.................
01 ...................111...........i.......
00 ........c..........111...................
   0         1         2         3         4
   01234567890123456789012345678901234567890
S/E=our/enemy base #/~=wall W/P=worker/pioneer r/l/g=weapons
1/2/3/B=robots s/i/c=minerals V=vendor Q=shop T=task; enemy fog is preserved
round=79 team=1 side=challenger
31 i.............i........i.................
30 .................................s.......
29 ...........c.............................
28 ............c............................
27 .........................................
26 .........................................
25 .........................................
24 ...........##.............s.s............
23 ........PrWr#............................
22 .........SSr#............................
21 .........SS.#............................
20 ............#..2..111..1.Q...............
19 ..........###..111111.11.................
18 ................1.11.21..................
17 ................TT1..1....TT.............
16 .................21.V1...................
15 ............W....1..11...................
14 ..............T....211.T.................
13 ...................21....................
12 ...................11....................
11 ............................~............
10 ............................~.EE.........
09 ..............................EE.........
08 .........................2...............
07 ......................1.11...............
06 .....................1.112.......c.......
05 s.....................1111...............
04 ...................1111212...............
03 ...................11111.................
02 ....................1112.................
01 ...................111...........i.......
00 ........c..........111...................
   0         1         2         3         4
   01234567890123456789012345678901234567890
S/E=our/enemy base #/~=wall W/P=worker/pioneer r/l/g=weapons
1/2/3/B=robots s/i/c=minerals V=vendor Q=shop T=task; enemy fog is preserved
round=80 team=1 side=challenger
31 i.............i........i.................
30 .................................s.......
29 ...........c.............................
28 ............c............................
27 .........................................
26 .........................................
25 .........................................
24 ...........##.............s.s............
23 ........PrWr#............................
22 .........SSr#............................
21 .........SS.#............................
20 ............#..2....1..1.Q...............
19 ..........###..1.1..1.11.................
18 ...............11.11.21..................
17 ...............1TT1..1....TT.............
16 .................21.V1...................
15 .................1..11...................
14 ...........W..T....211.T.................
13 ...................21....................
12 ...................11....................
11 ............................~............
10 ............................~.EE.........
09 ..............................EE.........
08 .........................2...............
07 ......................1.11...............
06 .....................1.11........c.......
05 s.....................111................
04 ...................111121................
03 ...................11111.................
02 ....................1112.................
01 ...................111...........i.......
00 ........c..........111...................
   0         1         2         3         4
   01234567890123456789012345678901234567890
S/E=our/enemy base #/~=wall W/P=worker/pioneer r/l/g=weapons
1/2/3/B=robots s/i/c=minerals V=vendor Q=shop T=task; enemy fog is preserved
round=81 team=1 side=challenger
31 i.............i........i.................
30 .................................s.......
29 ...........c.............................
28 ............c............................
27 .........................................
26 .........................................
25 .........................................
24 ...........##.............s.s............
23 ........PrWr#............................
22 .........SSr#............................
21 .........SS.#............................
20 ............#..2.......1.Q...............
19 ..........###..1.1.11.11.................
18 ...............111.1.21..................
17 ...............1TT1..1....TT.............
16 .................21.V1...................
15 ..........W......1..11...................
14 ..............T....211.T.................
13 ...................2.....................
12 ...................1.....................
11 ............................~............
10 ............................~.EE.........
09 ..............................EE.........
08 .........................2...............
07 ......................1..1...............
06 .....................1.1.1.......c.......
05 s.....................11.1...............
04 ...................111121................
03 ...................11111.................
02 ....................1112.................
01 ...................111...........i.......
00 ........c..........111...................
   0         1         2         3         4
   01234567890123456789012345678901234567890
S/E=our/enemy base #/~=wall W/P=worker/pioneer r/l/g=weapons
1/2/3/B=robots s/i/c=minerals V=vendor Q=shop T=task; enemy fog is preserved
round=82 team=1 side=challenger
31 i.............i........i.................
30 .................................s.......
29 ...........c.............................
28 ............c............................
27 .........................................
26 .........................................
25 .........................................
24 ...........##.............s.s............
23 ........PrWr#............................
22 .........SSr#............................
21 .........SS.#............................
20 ............#..2.......1.Q...............
19 ..........###....1..1.11.................
18 .................111.21..................
17 ................TT1..1....TT.............
16 .................21.V1...................
15 .................1..11...................
14 .........W....T....21..T.................
13 ...................21....................
12 ...................1.....................
11 ............................~............
10 ............................~.EE.........
09 ..............................EE.........
08 .........................2...............
07 .........................................
06 .....................1.1.1.......c.......
05 s.....................1.1................
04 ...................1111211...............
03 ...................11111.................
02 ....................1112.................
01 ...................111...........i.......
00 ........c..........111...................
   0         1         2         3         4
   01234567890123456789012345678901234567890
S/E=our/enemy base #/~=wall W/P=worker/pioneer r/l/g=weapons
1/2/3/B=robots s/i/c=minerals V=vendor Q=shop T=task; enemy fog is preserved
round=83 team=1 side=challenger
31 i.............i........i.................
30 .................................s.......
29 ...........c.............................
28 ............c............................
27 .........................................
26 .........................................
25 .........................................
24 ...........##.............s.s............
23 ........PrWr#............................
22 .........SSr#............................
21 .........SS.#............................
20 ............#..2.......1.Q...............
19 ..........###....1..1.11.................
18 .................111.21..................
17 ................TT1..1....TT.............
16 .................21.V1...................
15 .................1..11...................
14 ..............T....21..T.................
13 ........W..........21....................
12 ...................1.....................
11 ............................~............
10 ............................~.EE.........
09 ..............................EE.........
08 .........................2...............
07 .........................................
06 .....................1.1.........c.......
05 s.....................1.1................
04 ...................1111211...............
03 ...................11111.................
02 ....................1112.................
01 ...................111...........i.......
00 ........c..........111...................
   0         1         2         3         4
   01234567890123456789012345678901234567890
S/E=our/enemy base #/~=wall W/P=worker/pioneer r/l/g=weapons
1/2/3/B=robots s/i/c=minerals V=vendor Q=shop T=task; enemy fog is preserved
round=84 team=1 side=challenger
31 i.............i........i.................
30 .................................s.......
29 ...........c.............................
28 ............c............................
27 .........................................
26 .........................................
25 .........................................
24 ...........##.............s.s............
23 ........PrWr#............................
22 .........SSr#............................
21 .........SS.#............................
20 ............#..2.......1.Q...............
19 ..........###....1..1.11.................
18 ..................1..21..................
17 ................TT...1....TT.............
16 .................21.V1...................
15 .................1..11...................
14 ..............T....21..T.................
13 ...................21....................
12 .......W...........1.....................
11 ............................~............
10 ............................~.EE.........
09 ..............................EE.........
08 .........................2...............
07 .........................................
06 .....................1.1.........c.......
05 s.....................1.1................
04 ...................111121................
03 ...................11111.................
02 ....................1112.................
01 ...................111...........i.......
00 ........c..........111...................
   0         1         2         3         4
   01234567890123456789012345678901234567890
S/E=our/enemy base #/~=wall W/P=worker/pioneer r/l/g=weapons
1/2/3/B=robots s/i/c=minerals V=vendor Q=shop T=task; enemy fog is preserved
round=85 team=1 side=challenger
31 i.............i........i.................
30 .................................s.......
29 ...........c.............................
28 ............c............................
27 .........................................
26 .........................................
25 .........................................
24 ...........##.............s.s............
23 ........PrWr#............................
22 .........SSr#............................
21 .........SS.#............................
20 ............#..2.......1.Q...............
19 ..........###.........11.................
18 ................11.1.21..................
17 ................TT...1....TT.............
16 .................21.V1...................
15 .................1..11...................
14 ..............T....2...T.................
13 .........................................
12 .........................................
11 ......W.....................~............
10 ............................~.EE.........
09 ..............................EE.........
08 .........................2...............
07 .........................................
06 .....................1.1.........c.......
05 s.....................1.1................
04 ...................11112.................
03 ...................11111.................
02 ....................1112.................
01 ...................111...........i.......
00 ........c..........111...................
   0         1         2         3         4
   01234567890123456789012345678901234567890
S/E=our/enemy base #/~=wall W/P=worker/pioneer r/l/g=weapons
1/2/3/B=robots s/i/c=minerals V=vendor Q=shop T=task; enemy fog is preserved
round=86 team=1 side=challenger
31 i.............i........i.................
30 .................................s.......
29 ...........c.............................
28 ............c............................
27 .........................................
26 .........................................
25 .........................................
24 ...........##.............s.s............
23 ........PrWr#............................
22 .........SSr#............................
21 .........SS.#............................
20 ............#..2.......1.Q...............
19 ..........###.........11.................
18 .....................21..................
17 ...............1TT1..1....TT.............
16 .................21.V....................
15 .................1..1....................
14 ..............T....11..T.................
13 ..................2......................
12 .........................................
11 ............................~............
10 .....W......................~.EE.........
09 ..............................EE.........
08 .........................................
07 .........................................
06 .....................1...........c.......
05 s.....................1.1................
04 ...................11112.1...............
03 ...................11111.................
02 ....................1112.................
01 ...................111...........i.......
00 ........c..........111...................
   0         1         2         3         4
   01234567890123456789012345678901234567890
S/E=our/enemy base #/~=wall W/P=worker/pioneer r/l/g=weapons
1/2/3/B=robots s/i/c=minerals V=vendor Q=shop T=task; enemy fog is preserved
round=87 team=1 side=challenger
31 i.............i........i.................
30 .................................s.......
29 ...........c.............................
28 ............c............................
27 .........................................
26 .........................................
25 .........................................
24 ...........##.............s.s............
23 ........PrWr#............................
22 .........SSr#............................
21 .........SS.#............................
20 ............#..2.......1.Q...............
19 ..........###.........11.................
18 .....................21..................
17 ...............1TT1..1....TT.............
16 .................21.V....................
15 .................1.......................
14 ..............T..2.1...T.................
13 ..................11.....................
12 .........................................
11 ............................~............
10 ............................~.EE.........
09 ....W.........................EE.........
08 .........................................
07 .........................................
06 .....................1...........c.......
05 s.....................1..................
04 ...................11112.1...............
03 ...................11111.................
02 ....................1112.................
01 ...................111...........i.......
00 ........c..........111...................
   0         1         2         3         4
   01234567890123456789012345678901234567890
S/E=our/enemy base #/~=wall W/P=worker/pioneer r/l/g=weapons
1/2/3/B=robots s/i/c=minerals V=vendor Q=shop T=task; enemy fog is preserved
round=88 team=1 side=challenger
31 i.............i........i.................
30 .................................s.......
29 ...........c.............................
28 ............c............................
27 .........................................
26 .........................................
25 .........................................
24 ...........##.............s.s............
23 ........PrWr#............................
22 .........SSr#............................
21 .........SS.#............................
20 ............#..2.......1.Q...............
19 ..........###.........11.................
18 .....................21..................
17 ...............1TT1..1....TT.............
16 .................2..V....................
15 .................1.......................
14 ..............T..2.1...T.................
13 ..................11.....................
12 .........................................
11 ............................~............
10 ............................~.EE.........
09 ..............................EE.........
08 ...W.....................................
07 .........................................
06 .....................1...........c.......
05 s.....................1..................
04 ...................1111..................
03 ...................11..1.................
02 ....................1112.................
01 ...................111...........i.......
00 ........c..........111...................
   0         1         2         3         4
   01234567890123456789012345678901234567890
S/E=our/enemy base #/~=wall W/P=worker/pioneer r/l/g=weapons
1/2/3/B=robots s/i/c=minerals V=vendor Q=shop T=task; enemy fog is preserved
round=89 team=1 side=challenger
31 i.............i........i.................
30 .................................s.......
29 ...........c.............................
28 ............c............................
27 .........................................
26 .........................................
25 .........................................
24 ...........##.............s.s............
23 ........PrWr#............................
22 .........SSr#............................
21 .........SS.#............................
20 ............#..2.......1.Q...............
19 ..........###.........11.................
18 .....................21..................
17 ...............1TT1..1....TT.............
16 .................2..V....................
15 .................1.......................
14 ..............T....1...T.................
13 ..................11.....................
12 .........................................
11 ............................~............
10 ............................~.EE.........
09 ..............................EE.........
08 .........................................
07 ..W......................................
06 .................................c.......
05 s.....................1..................
04 ...................1..11.................
03 ...................1111..................
02 ....................11.2.................
01 ...................111...........i.......
00 ........c..........111...................
   0         1         2         3         4
   01234567890123456789012345678901234567890
S/E=our/enemy base #/~=wall W/P=worker/pioneer r/l/g=weapons
1/2/3/B=robots s/i/c=minerals V=vendor Q=shop T=task; enemy fog is preserved
round=90 team=1 side=challenger
31 i.............i........i.................
30 .................................s.......
29 ...........c.............................
28 ............c............................
27 .........................................
26 .........................................
25 .........................................
24 ...........##.............s.s............
23 ........PrWr#............................
22 .........SSr#............................
21 .........SS.#............................
20 ............#..2.......1.Q...............
19 ..........###.........11.................
18 .....................21..................
17 ...............1TT1..1....TT.............
16 ....................V....................
15 .........................................
14 ..............T..1.1...T.................
13 ...................1.....................
12 .........................................
11 ............................~............
10 ............................~.EE.........
09 ..............................EE.........
08 .........................................
07 .........................................
06 .W...............................c.......
05 s.....................1..................
04 ...................1...1.................
03 ...................11.11.................
02 ....................111..................
01 ...................111...........i.......
00 ........c..........111...................
   0         1         2         3         4
   01234567890123456789012345678901234567890
S/E=our/enemy base #/~=wall W/P=worker/pioneer r/l/g=weapons
1/2/3/B=robots s/i/c=minerals V=vendor Q=shop T=task; enemy fog is preserved
round=91 team=1 side=challenger
31 i.............i........i.................
30 .................................s.......
29 ...........c.............................
28 ............c............................
27 .........................................
26 .........................................
25 .........................................
24 ...........##.............s.s............
23 ........PrWr#............................
22 .........SSr#............................
21 .........SS.#............................
20 ............#..2.......1.Q...............
19 ..........###.........11.................
18 .....................21..................
17 ...............1TT...1....TT.............
16 .................1..V....................
15 ................1........................
14 ..............T....1...T.................
13 ...................1.....................
12 .........................................
11 ............................~............
10 ............................~.EE.........
09 ..............................EE.........
08 .........................................
07 .........................................
06 .W...............................c.......
05 s.....................1..................
04 ...................1...1.................
03 ...................11.11.................
02 ....................111..................
01 ...................111...........i.......
00 ........c..........111...................
   0         1         2         3         4
   01234567890123456789012345678901234567890
S/E=our/enemy base #/~=wall W/P=worker/pioneer r/l/g=weapons
1/2/3/B=robots s/i/c=minerals V=vendor Q=shop T=task; enemy fog is preserved
round=92 team=1 side=challenger
31 i.............i........i.................
30 .................................s.......
29 ...........c.............................
28 ............c............................
27 .........................................
26 .........................................
25 .........................................
24 ...........##.............s.s............
23 ........PrWr#............................
22 .........SSr#............................
21 .........SS.#............................
20 ............#..2.......1.Q...............
19 ..........###.........11.................
18 .....................21..................
17 ................TT...1....TT.............
16 ...............1....V....................
15 ................1........................
14 ..............T....1...T.................
13 ...................1.....................
12 .........................................
11 ............................~............
10 ............................~.EE.........
09 ..............................EE.........
08 .........................................
07 .........................................
06 .................................c.......
05 s.W...................1..................
04 ...................1.....................
03 ...................11.11.................
02 ....................111..................
01 ...................111...........i.......
00 ........c..........111...................
   0         1         2         3         4
   01234567890123456789012345678901234567890
S/E=our/enemy base #/~=wall W/P=worker/pioneer r/l/g=weapons
1/2/3/B=robots s/i/c=minerals V=vendor Q=shop T=task; enemy fog is preserved
round=93 team=1 side=challenger
31 i.............i........i.................
30 .................................s.......
29 ...........c.............................
28 ............c............................
27 .........................................
26 .........................................
25 .........................................
24 ...........##.............s.s............
23 ........PrWr#............................
22 .........SSr#............................
21 .........SS.#............................
20 ............#..2.......1.Q...............
19 ..........###............................
18 .....................2...................
17 ................TT...1....TT.............
16 ...............1....V....................
15 ................1........................
14 ..............T....1...T.................
13 ...................1.....................
12 .........................................
11 ............................~............
10 ............................~.EE.........
09 ..............................EE.........
08 .........................................
07 .........................................
06 .................................c.......
05 s........................................
04 ...W...............1...1.................
03 ...................11.1..................
02 ....................111..................
01 ...................111...........i.......
00 ........c..........111...................
   0         1         2         3         4
   01234567890123456789012345678901234567890
S/E=our/enemy base #/~=wall W/P=worker/pioneer r/l/g=weapons
1/2/3/B=robots s/i/c=minerals V=vendor Q=shop T=task; enemy fog is preserved
round=94 team=1 side=challenger
31 i.............i........i.................
30 .................................s.......
29 ...........c.............................
28 ............c............................
27 .........................................
26 .........................................
25 .........................................
24 ...........##.............s.s............
23 ........PrWr#............................
22 .........SSr#............................
21 .........SS.#............................
20 ............#..2.........Q...............
19 ..........###.........1..................
18 .....................2...................
17 ................TT...1....TT.............
16 ....................V....................
15 .........................................
14 ..............T....1...T.................
13 ...................1.....................
12 .........................................
11 ............................~............
10 ............................~.EE.........
09 ..............................EE.........
08 .........................................
07 .........................................
06 .................................c.......
05 s........................................
04 ...................1.....................
03 ....W..............11.1.1................
02 ....................111..................
01 ...................111...........i.......
00 ........c..........111...................
   0         1         2         3         4
   01234567890123456789012345678901234567890
S/E=our/enemy base #/~=wall W/P=worker/pioneer r/l/g=weapons
1/2/3/B=robots s/i/c=minerals V=vendor Q=shop T=task; enemy fog is preserved
round=95 team=1 side=challenger
31 i.............i........i.................
30 .................................s.......
29 ...........c.............................
28 ............c............................
27 .........................................
26 .........................................
25 .........................................
24 ...........##.............s.s............
23 .........rWr#............................
22 .......P.SSr#............................
21 .........SS.#............................
20 ............#..2.........Q...............
19 ..........###.........1..................
18 .....................2...................
17 ................TT...1....TT.............
16 ....................V....................
15 .........................................
14 ..............T....1...T.................
13 ...................1.....................
12 .........................................
11 ............................~............
10 ............................~.EE.........
09 ..............................EE.........
08 .........................................
07 .........................................
06 .................................c.......
05 s........................................
04 ...................1.....................
03 ...................11....................
02 .....W..............111..................
01 ...................111...........i.......
00 ........c..........111...................
   0         1         2         3         4
   01234567890123456789012345678901234567890
S/E=our/enemy base #/~=wall W/P=worker/pioneer r/l/g=weapons
1/2/3/B=robots s/i/c=minerals V=vendor Q=shop T=task; enemy fog is preserved
round=96 team=1 side=challenger
31 i.............i........i.................
30 .................................s.......
29 ...........c.............................
28 ............c............................
27 .........................................
26 .........................................
25 .........................................
24 ...........##.............s.s............
23 .........rWr#............................
22 .........SSr#............................
21 ......P..SS.#............................
20 ............#............Q...............
19 ..........###.........1..................
18 .....................2...................
17 ................TT...1....TT.............
16 ....................V....................
15 .........................................
14 ..............T....1...T.................
13 ...................1.....................
12 .........................................
11 ............................~............
10 ............................~.EE.........
09 ..............................EE.........
08 .........................................
07 .........................................
06 .................................c.......
05 s........................................
04 ...................1.....................
03 ...................11....................
02 ....................1..1.................
01 ......W............1.1...........i.......
00 ........c..........111...................
   0         1         2         3         4
   01234567890123456789012345678901234567890
S/E=our/enemy base #/~=wall W/P=worker/pioneer r/l/g=weapons
1/2/3/B=robots s/i/c=minerals V=vendor Q=shop T=task; enemy fog is preserved
round=97 team=1 side=challenger
31 i.............i........i.................
30 .................................s.......
29 ...........c.............................
28 ............c............................
27 .........................................
26 .........................................
25 .........................................
24 ...........##.............s.s............
23 .........rWr#............................
22 .........SSr#............................
21 .........SS.#............................
20 .......P....#............Q...............
19 ..........###.........1..................
18 .........................................
17 ................TT........TT.............
16 ....................V....................
15 .........................................
14 ..............T....1...T.................
13 ...................1.....................
12 .........................................
11 ............................~............
10 ............................~.EE.........
09 ..............................EE.........
08 .........................................
07 .........................................
06 .................................c.......
05 s........................................
04 .........................................
03 ...................11....................
02 ....................11...................
01 ...................1.1...........i.......
00 .......Wc..........111...................
   0         1         2         3         4
   01234567890123456789012345678901234567890
S/E=our/enemy base #/~=wall W/P=worker/pioneer r/l/g=weapons
1/2/3/B=robots s/i/c=minerals V=vendor Q=shop T=task; enemy fog is preserved
round=98 team=1 side=challenger
31 i.............i........i.................
30 .................................s.......
29 ...........c.............................
28 ............c............................
27 .........................................
26 .........................................
25 .........................................
24 ...........##.............s.s............
23 .........rWr#............................
22 .........SSr#............................
21 .........SS.#............................
20 ............#............Q...............
19 ........P.###............................
18 .....................1...................
17 ................TT........TT.............
16 ....................V....................
15 .........................................
14 ..............T....1...T.................
13 ...................1.....................
12 .........................................
11 ............................~............
10 ............................~.EE.........
09 ..............................EE.........
08 .........................................
07 .........................................
06 .................................c.......
05 s........................................
04 .........................................
03 ...................11....................
02 ....................11...................
01 ...................1.............i.......
00 .......Wc..........111...................
   0         1         2         3         4
   01234567890123456789012345678901234567890
S/E=our/enemy base #/~=wall W/P=worker/pioneer r/l/g=weapons
1/2/3/B=robots s/i/c=minerals V=vendor Q=shop T=task; enemy fog is preserved
round=99 team=1 side=challenger
31 i.............i........i.................
30 .................................s.......
29 ...........c.............................
28 ............c............................
27 .........................................
26 .........................................
25 .........................................
24 ...........##.............s.s............
23 .........rWr#............................
22 .........SSr#............................
21 .........SS.#............................
20 ............#............Q...............
19 ..........###............................
18 .........P...............................
17 ................TT..1.....TT.............
16 ....................V....................
15 .........................................
14 ..............T....1...T.................
13 ...................1.....................
12 .........................................
11 ............................~............
10 ............................~.EE.........
09 ..............................EE.........
08 .........................................
07 .........................................
06 .................................c.......
05 s........................................
04 .........................................
03 ....................1....................
02 ....................1....................
01 ........W..........1.1...........i.......
00 ........c..........111...................
   0         1         2         3         4
   01234567890123456789012345678901234567890
S/E=our/enemy base #/~=wall W/P=worker/pioneer r/l/g=weapons
1/2/3/B=robots s/i/c=minerals V=vendor Q=shop T=task; enemy fog is preserved
round=100 team=1 side=challenger
31 i.............i........i.................
30 .................................s.......
29 ...........c.............................
28 ............c............................
27 .........................................
26 .........................................
25 .........................................
24 ...........##.............s.s............
23 .........rWr#............................
22 .........SSr#............................
21 .........SS.#............................
20 ............#............Q...............
19 ..........###............................
18 .........................................
17 ..........P.....TT........TT.............
16 ...................1V....................
15 .........................................
14 ..............T........T.................
13 .........................................
12 .........................................
11 ............................~............
10 ............................~.EE.........
09 ..............................EE.........
08 .........................................
07 .........................................
06 .................................c.......
05 s........................................
04 .........................................
03 .........................................
02 ....................11...................
01 .........W.........1.............i.......
00 ........c..........111...................
   0         1         2         3         4
   01234567890123456789012345678901234567890
S/E=our/enemy base #/~=wall W/P=worker/pioneer r/l/g=weapons
1/2/3/B=robots s/i/c=minerals V=vendor Q=shop T=task; enemy fog is preserved
round=101 team=1 side=challenger
31 i.............i........i.................
30 .................................s.......
29 ...........c.............................
28 ............c............................
27 .........................................
26 .........................................
25 .........................................
24 ...........##.............s.s............
23 .........rWr#............................
22 .........SSr#............................
21 .........SS.#............................
20 ............#............Q...............
19 ..........###............................
18 .........................................
17 ................TT........TT.............
16 ...........P........V....................
15 .........................................
14 ..............T........T.................
13 .........................................
12 .........................................
11 ............................~............
10 ............................~.EE.........
09 ..............................EE.........
08 .........................................
07 .........................................
06 .................................c.......
05 s........................................
04 .........................................
03 .........................................
02 .....................1...................
01 ..........W........1.1...........i.......
00 ........c..........111...................
   0         1         2         3         4
   01234567890123456789012345678901234567890
S/E=our/enemy base #/~=wall W/P=worker/pioneer r/l/g=weapons
1/2/3/B=robots s/i/c=minerals V=vendor Q=shop T=task; enemy fog is preserved
round=102 team=1 side=challenger
31 i.............i........i.................
30 .................................s.......
29 ...........c.............................
28 ............c............................
27 .........................................
26 .........................................
25 .........................................
24 ...........##.............s.s............
23 .........rWr#............................
22 .........SSr#............................
21 .........SS.#............................
20 ............#............Q...............
19 ..........###............................
18 .........................................
17 ................TT........TT.............
16 ....................V....................
15 ............P............................
14 ..............T........T.................
13 .........................................
12 .........................................
11 ............................~............
10 ............................~.EE.........
09 ..............................EE.........
08 .........................................
07 .........................................
06 .................................c.......
05 s........................................
04 .........................................
03 .........................................
02 .........W...........1...................
01 ...................1.............i.......
00 ........c..........111...................
   0         1         2         3         4
   01234567890123456789012345678901234567890
S/E=our/enemy base #/~=wall W/P=worker/pioneer r/l/g=weapons
1/2/3/B=robots s/i/c=minerals V=vendor Q=shop T=task; enemy fog is preserved
round=103 team=1 side=challenger
31 i.............i........i.................
30 .................................s.......
29 ...........c.............................
28 ............c............................
27 .........................................
26 .........................................
25 .........................................
24 ...........##.............s.s............
23 .........rWr#............................
22 .........SSr#............................
21 .........SS.#............................
20 ............#............Q...............
19 ..........###............................
18 .........................................
17 ................TT........TT.............
16 ....................V....................
15 .........................................
14 .............PT........T.................
13 .........................................
12 .........................................
11 ............................~............
10 ............................~.EE.........
09 ..............................EE.........
08 .........................................
07 .........................................
06 .................................c.......
05 s........................................
04 .........................................
03 ........W................................
02 .........................................
01 ...................1.............i.......
00 ........c..........111...................
   0         1         2         3         4
   01234567890123456789012345678901234567890
S/E=our/enemy base #/~=wall W/P=worker/pioneer r/l/g=weapons
1/2/3/B=robots s/i/c=minerals V=vendor Q=shop T=task; enemy fog is preserved
round=104 team=1 side=challenger
31 i.............i........i.................
30 .................................s.......
29 ...........c.............................
28 ............c............................
27 .........................................
26 .........................................
25 .........................................
24 ...........##.............s.s............
23 .........rWr#............................
22 .........SSr#............................
21 .........SS.#............................
20 ............#............Q...............
19 ..........###............................
18 .........................................
17 ................TT........TT.............
16 ....................V....................
15 .........................................
14 .............PT........T.................
13 .........................................
12 .........................................
11 ............................~............
10 ............................~.EE.........
09 ..............................EE.........
08 .........................................
07 .........................................
06 .................................c.......
05 s........................................
04 .........W...............................
03 .........................................
02 .........................................
01 .................................i.......
00 ........c................................
   0         1         2         3         4
   01234567890123456789012345678901234567890
S/E=our/enemy base #/~=wall W/P=worker/pioneer r/l/g=weapons
1/2/3/B=robots s/i/c=minerals V=vendor Q=shop T=task; enemy fog is preserved
round=105 team=1 side=challenger
31 i.............i........i.................
30 .................................s.......
29 ...........c.............................
28 ............c............................
27 .........................................
26 .........................................
25 .........................................
24 ...........##.............s.s............
23 .........rWr#............................
22 .........SSr#............................
21 .........SS.#............................
20 ............#............Q...............
19 ..........###............................
18 .........................................
17 ................TT........TT.............
16 ....................V....................
15 .........................................
14 .............PT........T.................
13 .........................................
12 .........................................
11 ............................~............
10 ............................~.EE.........
09 ..............................EE.........
08 .........................................
07 .........................................
06 .................................c.......
05 s.........W..............................
04 .........................................
03 .........................................
02 .........................................
01 .................................i.......
00 ........c................................
   0         1         2         3         4
   01234567890123456789012345678901234567890
S/E=our/enemy base #/~=wall W/P=worker/pioneer r/l/g=weapons
1/2/3/B=robots s/i/c=minerals V=vendor Q=shop T=task; enemy fog is preserved
round=106 team=1 side=challenger
31 i.............i........i.................
30 .................................s.......
29 ...........c.............................
28 ............c............................
27 .........................................
26 .........................................
25 .........................................
24 ...........##.............s.s............
23 .........rWr#............................
22 .........SSr#............................
21 .........SS.#............................
20 ............#............Q...............
19 ..........###............................
18 .........................................
17 ................TT........TT.............
16 ....................V....................
15 ..............P..........................
14 ..............T........T.................
13 .........................................
12 .........................................
11 ............................~............
10 ............................~.EE.........
09 ..............................EE.........
08 .........................................
07 .........................................
06 ...........W.....................c.......
05 s........................................
04 .........................................
03 .........................................
02 .........................................
01 .................................i.......
00 ........c................................
   0         1         2         3         4
   01234567890123456789012345678901234567890
S/E=our/enemy base #/~=wall W/P=worker/pioneer r/l/g=weapons
1/2/3/B=robots s/i/c=minerals V=vendor Q=shop T=task; enemy fog is preserved
round=107 team=1 side=challenger
31 i.............i........i.................
30 .................................s.......
29 ...........c.............................
28 ............c............................
27 .........................................
26 .........................................
25 .........................................
24 ...........##.............s.s............
23 .........rWr#............................
22 .........SSr#............................
21 .........SS.#............................
20 ............#............Q...............
19 ..........###............................
18 .........................................
17 ................TT........TT.............
16 ...............P....V....................
15 .........................................
14 ..............T........T.................
13 .........................................
12 .........................................
11 ............................~............
10 ............................~.EE.........
09 ..............................EE.........
08 .........................................
07 ............W............................
06 .................................c.......
05 s........................................
04 .........................................
03 .........................................
02 .........................................
01 .................................i.......
00 ........c................................
   0         1         2         3         4
   01234567890123456789012345678901234567890
S/E=our/enemy base #/~=wall W/P=worker/pioneer r/l/g=weapons
1/2/3/B=robots s/i/c=minerals V=vendor Q=shop T=task; enemy fog is preserved
round=108 team=1 side=challenger
31 i.............i........i.................
30 .................................s.......
29 ...........c.............................
28 ............c............................
27 .........................................
26 .........................................
25 .........................................
24 ...........##.............s.s............
23 .........rWr#............................
22 .........SSr#............................
21 .........SS.#............................
20 ............#............Q...............
19 ..........###............................
18 .........................................
17 ................TT........TT.............
16 ...............P....V....................
15 .........................................
14 ..............T........T.................
13 .........................................
12 .........................................
11 ............................~............
10 ............................~.EE.........
09 ..............................EE.........
08 .............W...........................
07 .........................................
06 .................................c.......
05 s........................................
04 .........................................
03 .........................................
02 .........................................
01 .................................i.......
00 ........c................................
   0         1         2         3         4
   01234567890123456789012345678901234567890
S/E=our/enemy base #/~=wall W/P=worker/pioneer r/l/g=weapons
1/2/3/B=robots s/i/c=minerals V=vendor Q=shop T=task; enemy fog is preserved
round=109 team=1 side=challenger
31 i.............i........i.................
30 .................................s.......
29 ...........c.............................
28 ............c............................
27 .........................................
26 .........................................
25 .........................................
24 ...........##.............s.s............
23 .........rWr#............................
22 .........SSr#............................
21 .........SS.#............................
20 ............#............Q...............
19 ..........###............................
18 .........................................
17 ................TT........TT.............
16 ...............P....V....................
15 .........................................
14 ..............T........T.................
13 .........................................
12 .........................................
11 ............................~............
10 ............................~.EE.........
09 ..............W...............EE.........
08 .........................................
07 .........................................
06 .................................c.......
05 s........................................
04 .........................................
03 .........................................
02 .........................................
01 .................................i.......
00 ........c................................
   0         1         2         3         4
   01234567890123456789012345678901234567890
S/E=our/enemy base #/~=wall W/P=worker/pioneer r/l/g=weapons
1/2/3/B=robots s/i/c=minerals V=vendor Q=shop T=task; enemy fog is preserved
round=110 team=1 side=challenger
31 i.............i........i.................
30 .................................s.......
29 ...........c.............................
28 ............c............................
27 .........................................
26 .........................................
25 .........................................
24 ...........##.............s.s............
23 .........rWr#............................
22 .........SSr#............................
21 .........SS.#............................
20 ............#............Q...............
19 ..........###............................
18 .........................................
17 ................TT........TT.............
16 ....................V....................
15 ................P........................
14 ..............T........T.................
13 .........................................
12 .........................................
11 ............................~............
10 ...............W............~.EE.........
09 ..............................EE.........
08 .........................................
07 .........................................
06 .................................c.......
05 s........................................
04 .........................................
03 .........................................
02 .........................................
01 .................................i.......
00 ........c................................
   0         1         2         3         4
   01234567890123456789012345678901234567890
S/E=our/enemy base #/~=wall W/P=worker/pioneer r/l/g=weapons
1/2/3/B=robots s/i/c=minerals V=vendor Q=shop T=task; enemy fog is preserved
round=111 team=1 side=challenger
31 i.............i........i.................
30 .................................s.......
29 ...........c.............................
28 ............c............................
27 .........................................
26 .........................................
25 .........................................
24 ...........##.............s.s............
23 .........rWr#............................
22 .........SSr#............................
21 .........SS.#............................
20 ............#............Q...............
19 ..........###............................
18 .........................................
17 ................TT........TT.............
16 ....................V....................
15 .........................................
14 ..............T..P.....T.................
13 .........................................
12 .........................................
11 ................W...........~............
10 ............................~.EE.........
09 ..............................EE.........
08 .........................................
07 .........................................
06 .................................c.......
05 s........................................
04 .........................................
03 .........................................
02 .........................................
01 .................................i.......
00 ........c................................
   0         1         2         3         4
   01234567890123456789012345678901234567890
S/E=our/enemy base #/~=wall W/P=worker/pioneer r/l/g=weapons
1/2/3/B=robots s/i/c=minerals V=vendor Q=shop T=task; enemy fog is preserved
round=112 team=1 side=challenger
31 i.............i........i.................
30 .................................s.......
29 ...........c.............................
28 ............c............................
27 .........................................
26 .........................................
25 .........................................
24 ...........##.............s.s............
23 .........rWr#............................
22 .........SSr#............................
21 .........SS.#............................
20 ............#............Q...............
19 ..........###............................
18 .........................................
17 ................TT........TT.............
16 ....................V....................
15 .........................................
14 ..............T........T.................
13 ..................P......................
12 ................W........................
11 ............................~............
10 ............................~.EE.........
09 ..............................EE.........
08 .........................................
07 .........................................
06 .................................c.......
05 s........................................
04 .........................................
03 .........................................
02 .........................................
01 .................................i.......
00 ........c................................
   0         1         2         3         4
   01234567890123456789012345678901234567890
S/E=our/enemy base #/~=wall W/P=worker/pioneer r/l/g=weapons
1/2/3/B=robots s/i/c=minerals V=vendor Q=shop T=task; enemy fog is preserved
round=113 team=1 side=challenger
31 i.............i........i.................
30 .................................s.......
29 ...........c.............................
28 ............c............................
27 .........................................
26 .........................................
25 .........................................
24 ...........##.............s.s............
23 .........rWr#............................
22 .........SSr#............................
21 .........SS.#............................
20 ............#............Q...............
19 ..........###............................
18 .........................................
17 ................TT........TT.............
16 ....................V....................
15 .........................................
14 ..............T....P...T.................
13 .................W.......................
12 .........................................
11 ............................~............
10 ............................~.EE.........
09 ..............................EE.........
08 .........................................
07 .........................................
06 .................................c.......
05 s........................................
04 .........................................
03 .........................................
02 .........................................
01 .................................i.......
00 ........c................................
   0         1         2         3         4
   01234567890123456789012345678901234567890
S/E=our/enemy base #/~=wall W/P=worker/pioneer r/l/g=weapons
1/2/3/B=robots s/i/c=minerals V=vendor Q=shop T=task; enemy fog is preserved
round=114 team=1 side=challenger
31 i.............i........i.................
30 .................................s.......
29 ...........c.............................
28 ............c............................
27 .........................................
26 .........................................
25 .........................................
24 ...........##.............s.s............
23 .........rWr#............................
22 .........SSr#............................
21 .........SS.#............................
20 ............#............Q...............
19 ..........###............................
18 .........................................
17 ................TT........TT.............
16 ....................V....................
15 ....................P....................
14 ..............T..W.....T.................
13 .........................................
12 .........................................
11 ............................~............
10 ............................~.EE.........
09 ..............................EE.........
08 .........................................
07 .........................................
06 .................................c.......
05 s........................................
04 .........................................
03 .........................................
02 .........................................
01 .................................i.......
00 ........c................................
   0         1         2         3         4
   01234567890123456789012345678901234567890
S/E=our/enemy base #/~=wall W/P=worker/pioneer r/l/g=weapons
1/2/3/B=robots s/i/c=minerals V=vendor Q=shop T=task; enemy fog is preserved
round=115 team=1 side=challenger
31 i.............i........i.................
30 .................................s.......
29 ...........c.............................
28 ............c............................
27 .........................................
26 .........................................
25 .........................................
24 ...........##.............s.s............
23 .........rWr#............................
22 .........SSr#............................
21 .........SS.#............................
20 ............#............Q...............
19 ..........###............................
18 .........................................
17 ................TT........TT.............
16 ....................VP...................
15 ..................W......................
14 ..............T........T.................
13 .........................................
12 .........................................
11 ............................~............
10 ............................~.EE.........
09 ..............................EE.........
08 .........................................
07 .........................................
06 .................................c.......
05 s........................................
04 .........................................
03 .........................................
02 .........................................
01 .................................i.......
00 ........c................................
   0         1         2         3         4
   01234567890123456789012345678901234567890
S/E=our/enemy base #/~=wall W/P=worker/pioneer r/l/g=weapons
1/2/3/B=robots s/i/c=minerals V=vendor Q=shop T=task; enemy fog is preserved
round=116 team=1 side=challenger
31 i.............i........i.................
30 .................................s.......
29 ...........c.............................
28 ............c............................
27 .........................................
26 .........................................
25 .........................................
24 ...........##.............s.s............
23 .........rWr#............................
22 .........SSr#............................
21 .........SS.#............................
20 ............#............Q...............
19 ..........###............................
18 .........................................
17 ................TT....P...TT.............
16 ...................WV....................
15 .........................................
14 ..............T........T.................
13 .........................................
12 .........................................
11 ............................~............
10 ............................~.EE.........
09 ..............................EE.........
08 .........................................
07 .........................................
06 .................................c.......
05 s........................................
04 .........................................
03 .........................................
02 .........................................
01 .................................i.......
00 ........c................................
   0         1         2         3         4
   01234567890123456789012345678901234567890
S/E=our/enemy base #/~=wall W/P=worker/pioneer r/l/g=weapons
1/2/3/B=robots s/i/c=minerals V=vendor Q=shop T=task; enemy fog is preserved
round=117 team=1 side=challenger
31 i.............i........i.................
30 .................................s.......
29 ...........c.............................
28 ............c............................
27 .........................................
26 .........................................
25 .........................................
24 ...........##.............s.s............
23 .........rWr#............................
22 .........SSr#............................
21 .........SS.#............................
20 ............#............Q...............
19 ..........###............................
18 .......................P.................
17 ................TT........TT.............
16 ...................WV....................
15 .........................................
14 ..............T........T.................
13 .........................................
12 .........................................
11 ............................~............
10 ............................~.EE.........
09 ..............................EE.........
08 .........................................
07 .........................................
06 .................................c.......
05 s........................................
04 .........................................
03 .........................................
02 .........................................
01 .................................i.......
00 ........c................................
   0         1         2         3         4
   01234567890123456789012345678901234567890
S/E=our/enemy base #/~=wall W/P=worker/pioneer r/l/g=weapons
1/2/3/B=robots s/i/c=minerals V=vendor Q=shop T=task; enemy fog is preserved
round=118 team=1 side=challenger
31 i.............i........i.................
30 .................................s.......
29 ...........c.............................
28 ............c............................
27 .........................................
26 .........................................
25 .........................................
24 ...........##.............s.s............
23 .........rWr#............................
22 .........SSr#............................
21 .........SS.#............................
20 ............#............Q...............
19 ..........###...........P................
18 .........................................
17 ................TT..W.....TT.............
16 ....................V....................
15 .........................................
14 ..............T........T.................
13 .........................................
12 .........................................
11 ............................~............
10 ............................~.EE.........
09 ..............................EE.........
08 .........................................
07 .........................................
06 .................................c.......
05 s........................................
04 .........................................
03 .........................................
02 .........................................
01 .................................i.......
00 ........c................................
   0         1         2         3         4
   01234567890123456789012345678901234567890
S/E=our/enemy base #/~=wall W/P=worker/pioneer r/l/g=weapons
1/2/3/B=robots s/i/c=minerals V=vendor Q=shop T=task; enemy fog is preserved
round=119 team=1 side=challenger
31 i.............i........i.................
30 .................................s.......
29 ...........c.............................
28 ............c............................
27 .........................................
26 .........................................
25 .........................................
24 ...........##.............s.s............
23 .........rWr#............................
22 .........SSr#............................
21 .........SS.#............................
20 ............#............Q...............
19 ..........###...........P................
18 .........................................
17 ................TT...W....TT.............
16 ....................V....................
15 .........................................
14 ..............T........T.................
13 .........................................
12 .........................................
11 ............................~............
10 ............................~.EE.........
09 ..............................EE.........
08 .........................................
07 .........................................
06 .................................c.......
05 s........................................
04 .........................................
03 .........................................
02 .........................................
01 .................................i.......
00 ........c................................
   0         1         2         3         4
   01234567890123456789012345678901234567890
S/E=our/enemy base #/~=wall W/P=worker/pioneer r/l/g=weapons
1/2/3/B=robots s/i/c=minerals V=vendor Q=shop T=task; enemy fog is preserved
round=120 team=1 side=challenger
31 i.............i........i.................
30 .................................s.......
29 ...........c.............................
28 ............c............................
27 .........................................
26 .........................................
25 .........................................
24 ...........##.............s.s............
23 .........rWr#............................
22 .........SSr#............................
21 .........SS.#............................
20 ............#............Q...............
19 ..........###............................
18 ......................WP.................
17 ................TT........TT.............
16 ....................V....................
15 .........................................
14 ..............T........T.................
13 .........................................
12 .........................................
11 ............................~............
10 ............................~.EE.........
09 ..............................EE.........
08 .........................................
07 .........................................
06 .................................c.......
05 s........................................
04 .........................................
03 .........................................
02 .........................................
01 .................................i.......
00 ........c................................
   0         1         2         3         4
   01234567890123456789012345678901234567890
S/E=our/enemy base #/~=wall W/P=worker/pioneer r/l/g=weapons
1/2/3/B=robots s/i/c=minerals V=vendor Q=shop T=task; enemy fog is preserved
round=121 team=1 side=challenger
31 i.............i........i.................
30 .................................s.......
29 ...........c.............................
28 ............c............................
27 .........................................
26 .........................................
25 .........................................
24 ...........##.............s.s............
23 .........rWr#............................
22 .........SSr#............................
21 .........SS.#............................
20 ............#............Q...............
19 ..........###..........W.................
18 .........................................
17 ................TT....P...TT.............
16 ....................V....................
15 .........................................
14 ..............T........T.................
13 .........................................
12 .........................................
11 ............................~............
10 ............................~.EE.........
09 ..............................EE.........
08 .........................................
07 .........................................
06 .................................c.......
05 s........................................
04 .........................................
03 .........................................
02 .........................................
01 .................................i.......
00 ........c................................
   0         1         2         3         4
   01234567890123456789012345678901234567890
S/E=our/enemy base #/~=wall W/P=worker/pioneer r/l/g=weapons
1/2/3/B=robots s/i/c=minerals V=vendor Q=shop T=task; enemy fog is preserved
round=122 team=1 side=challenger
31 i.............i........i.................
30 .................................s.......
29 ...........c.............................
28 ............c............................
27 .........................................
26 .........................................
25 .........................................
24 ...........##.............s.s............
23 .........rWr#............................
22 .........SSr#............................
21 .........SS.#............................
20 ............#............Q...............
19 ..........###...........W................
18 .........................................
17 ................TT........TT.............
16 ....................VP...................
15 .........................................
14 ..............T........T.................
13 .........................................
12 .........................................
11 ............................~............
10 ............................~.EE.........
09 ..............................EE.........
08 .........................................
07 .........................................
06 .................................c.......
05 s........................................
04 .........................................
03 .........................................
02 .........................................
01 .................................i.......
00 ........c................................
   0         1         2         3         4
   01234567890123456789012345678901234567890
S/E=our/enemy base #/~=wall W/P=worker/pioneer r/l/g=weapons
1/2/3/B=robots s/i/c=minerals V=vendor Q=shop T=task; enemy fog is preserved
round=123 team=1 side=challenger
31 i.............i........i.................
30 .................................s.......
29 ...........c.............................
28 ............c............................
27 .........................................
26 .........................................
25 .........................................
24 ...........##.............s.s............
23 .........rWr#............................
22 .........SSr#............................
21 .........SS.#............................
20 ............#............Q...............
19 ..........###...........W................
18 .........................................
17 ................TT..P.....TT.............
16 ....................V....................
15 .........................................
14 ..............T........T.................
13 .........................................
12 .........................................
11 ............................~............
10 ............................~.EE.........
09 ..............................EE.........
08 .........................................
07 .........................................
06 .................................c.......
05 s........................................
04 .........................................
03 .........................................
02 .........................................
01 .................................i.......
00 ........c................................
   0         1         2         3         4
   01234567890123456789012345678901234567890
S/E=our/enemy base #/~=wall W/P=worker/pioneer r/l/g=weapons
1/2/3/B=robots s/i/c=minerals V=vendor Q=shop T=task; enemy fog is preserved
round=124 team=1 side=challenger
31 i.............i........i.................
30 .................................s.......
29 ...........c.............................
28 ............c............................
27 .........................................
26 .........................................
25 .........................................
24 ...........##.............s.s............
23 .........rWr#............................
22 .........SSr#............................
21 .........SS.#............................
20 ............#............Q...............
19 ..........###...........W................
18 ...................P.....................
17 ................TT........TT.............
16 ....................V....................
15 .........................................
14 ..............T........T.................
13 .........................................
12 .........................................
11 ............................~............
10 ............................~.EE.........
09 ..............................EE.........
08 .........................................
07 .........................................
06 .................................c.......
05 s........................................
04 .........................................
03 .........................................
02 .........................................
01 .................................i.......
00 ........c................................
   0         1         2         3         4
   01234567890123456789012345678901234567890
S/E=our/enemy base #/~=wall W/P=worker/pioneer r/l/g=weapons
1/2/3/B=robots s/i/c=minerals V=vendor Q=shop T=task; enemy fog is preserved
round=125 team=1 side=challenger
31 i.............i........i.................
30 .................................s.......
29 ...........c.............................
28 ............c............................
27 .........................................
26 .........................................
25 .........................................
24 ...........##.............s.s............
23 .........rWr#............................
22 .........SSr#............................
21 .........SS.#............................
20 ............#............Q...............
19 ..........###.....P.....W................
18 .........................................
17 ................TT........TT.............
16 ....................V....................
15 .........................................
14 ..............T........T.................
13 .........................................
12 .........................................
11 ............................~............
10 ............................~.EE.........
09 ..............................EE.........
08 .........................................
07 .........................................
06 .................................c.......
05 s........................................
04 .........................................
03 .........................................
02 .........................................
01 .................................i.......
00 ........c................................
   0         1         2         3         4
   01234567890123456789012345678901234567890
S/E=our/enemy base #/~=wall W/P=worker/pioneer r/l/g=weapons
1/2/3/B=robots s/i/c=minerals V=vendor Q=shop T=task; enemy fog is preserved
round=126 team=1 side=challenger
31 i.............i........i.................
30 .................................s.......
29 ...........c.............................
28 ............c............................
27 .........................................
26 .........................................
25 .........................................
24 ...........##.............s.s............
23 .........rWr#............................
22 .........SSr#............................
21 .........SS.#............................
20 ............#....P.......Q...............
19 ..........###............................
18 .......................W.................
17 ................TT........TT.............
16 ....................V....................
15 .........................................
14 ..............T........T.................
13 .........................................
12 .........................................
11 ............................~............
10 ............................~.EE.........
09 ..............................EE.........
08 .........................................
07 .........................................
06 .................................c.......
05 s........................................
04 .........................................
03 .........................................
02 .........................................
01 .................................i.......
00 ........c................................
   0         1         2         3         4
   01234567890123456789012345678901234567890
S/E=our/enemy base #/~=wall W/P=worker/pioneer r/l/g=weapons
1/2/3/B=robots s/i/c=minerals V=vendor Q=shop T=task; enemy fog is preserved
round=127 team=1 side=challenger
31 i.............i........i.................
30 .................................s.......
29 ...........c.............................
28 ............c............................
27 .........................................
26 .........................................
25 .........................................
24 ...........##.............s.s............
23 .........rWr#............................
22 .........SSr#............................
21 .........SS.#...P........................
20 ............#............Q...............
19 ..........###............................
18 .........................................
17 ................TT....W...TT.............
16 ....................V....................
15 .........................................
14 ..............T........T.................
13 .........................................
12 .........................................
11 ............................~............
10 ............................~.EE.........
09 ..............................EE.........
08 .........................................
07 .........................................
06 .................................c.......
05 s........................................
04 .........................................
03 .........................................
02 .........................................
01 .................................i.......
00 ........c................................
   0         1         2         3         4
   01234567890123456789012345678901234567890
S/E=our/enemy base #/~=wall W/P=worker/pioneer r/l/g=weapons
1/2/3/B=robots s/i/c=minerals V=vendor Q=shop T=task; enemy fog is preserved
round=128 team=1 side=challenger
31 i.............i........i.................
30 .................................s.......
29 ...........c.............................
28 ............c............................
27 .........................................
26 .........................................
25 .........................................
24 ...........##.............s.s............
23 .........rWr#............................
22 .........SSr#..P.........................
21 .........SS.#............................
20 ............#............Q...............
19 ..........###............................
18 .........................................
17 ................TT...W....TT.............
16 ....................V....................
15 .........................................
14 ..............T........T.................
13 .........................................
12 .........................................
11 ............................~............
10 ............................~.EE.........
09 ..............................EE.........
08 .........................................
07 .........................................
06 .................................c.......
05 s........................................
04 .........................................
03 .........................................
02 .........................................
01 .................................i.......
00 ........c................................
   0         1         2         3         4
   01234567890123456789012345678901234567890
S/E=our/enemy base #/~=wall W/P=worker/pioneer r/l/g=weapons
1/2/3/B=robots s/i/c=minerals V=vendor Q=shop T=task; enemy fog is preserved
round=129 team=1 side=challenger
31 i.............i........i.................
30 .................................s.......
29 ...........c.............................
28 ............c............................
27 .........................................
26 .........................................
25 .........................................
24 ...........##.............s.s............
23 .........rWr#.P..........................
22 .........SSr#............................
21 .........SS.#............................
20 ............#............Q...............
19 ..........###............................
18 ....................W....................
17 ................TT........TT.............
16 ....................V....................
15 .........................................
14 ..............T........T.................
13 .........................................
12 .........................................
11 ............................~............
10 ............................~.EE.........
09 ..............................EE.........
08 .........................................
07 .........................................
06 .................................c.......
05 s........................................
04 .........................................
03 .........................................
02 .........................................
01 .................................i.......
00 ........c................................
   0         1         2         3         4
   01234567890123456789012345678901234567890
S/E=our/enemy base #/~=wall W/P=worker/pioneer r/l/g=weapons
1/2/3/B=robots s/i/c=minerals V=vendor Q=shop T=task; enemy fog is preserved
round=130 team=1 side=challenger
31 i.............i........i.................
30 .................................s.......
29 ...........c.............................
28 ............c............................
27 .........................................
26 .........................................
25 .........................................
24 ...........##P............s.s............
23 .........rWr#............................
22 .........SSr#............................
21 .........SS.#............................
20 ............#............Q...............
19 ..........###......W.....................
18 .........................................
17 ................TT........TT.............
16 ....................V....................
15 .........................................
14 ..............T........T.................
13 .........................................
12 .........................................
11 ............................~............
10 ............................~.EE.........
09 ..............................EE.........
08 .........................................
07 .........................................
06 .................................c.......
05 s........................................
04 .........................................
03 .........................................
02 .........................................
01 .................................i.......
00 ........c................................
   0         1         2         3         4
   01234567890123456789012345678901234567890
S/E=our/enemy base #/~=wall W/P=worker/pioneer r/l/g=weapons
1/2/3/B=robots s/i/c=minerals V=vendor Q=shop T=task; enemy fog is preserved
